SET session_replication_role = replica;

--
-- PostgreSQL database dump
--

-- Dumped from database version 15.6
-- Dumped by pg_dump version 15.7 (Ubuntu 15.7-1.pgdg20.04+1)

SET statement_timeout = 0;
SET lock_timeout = 0;
SET idle_in_transaction_session_timeout = 0;
SET client_encoding = 'UTF8';
SET standard_conforming_strings = on;
SELECT pg_catalog.set_config('search_path', '', false);
SET check_function_bodies = false;
SET xmloption = content;
SET client_min_messages = warning;
SET row_security = off;

--
-- Data for Name: audit_log_entries; Type: TABLE DATA; Schema: auth; Owner: supabase_auth_admin
--

INSERT INTO "auth"."audit_log_entries" ("instance_id", "id", "payload", "created_at", "ip_address") VALUES
	('00000000-0000-0000-0000-000000000000', '600cbdfa-20a8-4212-b663-33286ee94b9b', '{"action":"user_confirmation_requested","actor_id":"13c5aeb5-8a86-409c-8aab-987c80775445","actor_username":"nikola.sucevic@kinnic.com","actor_via_sso":false,"log_type":"user","traits":{"provider":"email"}}', '2024-08-04 20:16:56.401154+00', ''),
	('00000000-0000-0000-0000-000000000000', '7d2c210a-7b74-4f38-a3f4-19e546ad23cc', '{"action":"user_signedup","actor_id":"13c5aeb5-8a86-409c-8aab-987c80775445","actor_username":"nikola.sucevic@kinnic.com","actor_via_sso":false,"log_type":"team"}', '2024-08-04 20:17:29.251643+00', ''),
	('00000000-0000-0000-0000-000000000000', 'f4292d44-5790-4a1a-a85f-583b08e24644', '{"action":"login","actor_id":"13c5aeb5-8a86-409c-8aab-987c80775445","actor_username":"nikola.sucevic@kinnic.com","actor_via_sso":false,"log_type":"account","traits":{"provider":"email"}}', '2024-08-04 20:18:02.141532+00', ''),
	('00000000-0000-0000-0000-000000000000', '5b1b987d-2f12-4da6-a9a1-90a64be2832b', '{"action":"login","actor_id":"13c5aeb5-8a86-409c-8aab-987c80775445","actor_username":"nikola.sucevic@kinnic.com","actor_via_sso":false,"log_type":"account","traits":{"provider":"email"}}', '2024-08-04 20:25:26.033645+00', ''),
	('00000000-0000-0000-0000-000000000000', '5bdded73-9f65-4ab2-89ab-fbb2a5c9e419', '{"action":"login","actor_id":"13c5aeb5-8a86-409c-8aab-987c80775445","actor_username":"nikola.sucevic@kinnic.com","actor_via_sso":false,"log_type":"account","traits":{"provider":"email"}}', '2024-08-04 20:25:49.269375+00', ''),
	('00000000-0000-0000-0000-000000000000', '0b5dcba5-2131-4955-b9e7-156535eb30ae', '{"action":"login","actor_id":"13c5aeb5-8a86-409c-8aab-987c80775445","actor_username":"nikola.sucevic@kinnic.com","actor_via_sso":false,"log_type":"account","traits":{"provider":"email"}}', '2024-08-04 20:26:13.836397+00', ''),
	('00000000-0000-0000-0000-000000000000', 'b1ccc879-5355-4fc4-9061-2751747eab3e', '{"action":"login","actor_id":"13c5aeb5-8a86-409c-8aab-987c80775445","actor_username":"nikola.sucevic@kinnic.com","actor_via_sso":false,"log_type":"account","traits":{"provider":"email"}}', '2024-08-04 20:30:29.596659+00', ''),
	('00000000-0000-0000-0000-000000000000', '61421fc4-b46d-43ce-8f2b-2e666d98c8c3', '{"action":"token_refreshed","actor_id":"13c5aeb5-8a86-409c-8aab-987c80775445","actor_username":"nikola.sucevic@kinnic.com","actor_via_sso":false,"log_type":"token"}', '2024-08-05 12:23:08.594738+00', ''),
	('00000000-0000-0000-0000-000000000000', '4c6b9599-c4a6-4133-8786-12ef5f06a3bf', '{"action":"token_revoked","actor_id":"13c5aeb5-8a86-409c-8aab-987c80775445","actor_username":"nikola.sucevic@kinnic.com","actor_via_sso":false,"log_type":"token"}', '2024-08-05 12:23:08.601109+00', ''),
	('00000000-0000-0000-0000-000000000000', '276f7b18-f7f7-42d8-a311-fbc1933179cd', '{"action":"token_refreshed","actor_id":"13c5aeb5-8a86-409c-8aab-987c80775445","actor_username":"nikola.sucevic@kinnic.com","actor_via_sso":false,"log_type":"token"}', '2024-08-05 14:12:24.546785+00', ''),
	('00000000-0000-0000-0000-000000000000', '75673bd8-b69d-4911-81b2-1a40ca56a373', '{"action":"token_revoked","actor_id":"13c5aeb5-8a86-409c-8aab-987c80775445","actor_username":"nikola.sucevic@kinnic.com","actor_via_sso":false,"log_type":"token"}', '2024-08-05 14:12:24.548484+00', ''),
	('00000000-0000-0000-0000-000000000000', '1365b591-a675-497f-94c3-78b1a5d2f458', '{"action":"user_confirmation_requested","actor_id":"0a74ff0c-3af9-41c9-a2b2-551654d71b5b","actor_username":"ai.operations@radioqubits.com","actor_via_sso":false,"log_type":"user","traits":{"provider":"email"}}', '2024-08-05 14:27:57.791469+00', ''),
	('00000000-0000-0000-0000-000000000000', 'a509e22d-3e2b-4a84-9f13-f74926f42d5b', '{"action":"user_signedup","actor_id":"0a74ff0c-3af9-41c9-a2b2-551654d71b5b","actor_username":"ai.operations@radioqubits.com","actor_via_sso":false,"log_type":"team"}', '2024-08-05 14:30:34.373881+00', ''),
	('00000000-0000-0000-0000-000000000000', 'fcd457fc-bf9b-4016-a029-369f4a49783e', '{"action":"token_refreshed","actor_id":"13c5aeb5-8a86-409c-8aab-987c80775445","actor_username":"nikola.sucevic@kinnic.com","actor_via_sso":false,"log_type":"token"}', '2024-08-05 18:03:27.976154+00', ''),
	('00000000-0000-0000-0000-000000000000', '2c654fcc-dd9e-4ef4-bb60-6ec5871cfa04', '{"action":"token_revoked","actor_id":"13c5aeb5-8a86-409c-8aab-987c80775445","actor_username":"nikola.sucevic@kinnic.com","actor_via_sso":false,"log_type":"token"}', '2024-08-05 18:03:27.977033+00', ''),
	('00000000-0000-0000-0000-000000000000', '5975d705-7a24-4ea9-ba87-fbc8018d4f54', '{"action":"user_repeated_signup","actor_id":"0a74ff0c-3af9-41c9-a2b2-551654d71b5b","actor_username":"ai.operations@radioqubits.com","actor_via_sso":false,"log_type":"user","traits":{"provider":"email"}}', '2024-08-05 18:03:52.800053+00', ''),
	('00000000-0000-0000-0000-000000000000', '4a781680-5065-43c1-b37a-78c4a1b09a81', '{"action":"login","actor_id":"0a74ff0c-3af9-41c9-a2b2-551654d71b5b","actor_username":"ai.operations@radioqubits.com","actor_via_sso":false,"log_type":"account","traits":{"provider":"email"}}', '2024-08-05 18:10:02.020003+00', ''),
	('00000000-0000-0000-0000-000000000000', '50d04fa3-83bc-4a1d-9de3-fa466bb54bac', '{"action":"login","actor_id":"56e74a13-011a-4bef-8587-b3f50be2be7c","actor_username":"0700000001","actor_via_sso":false,"log_type":"account","traits":{"provider":"email"}}', '2024-08-05 18:50:37.499456+00', ''),
	('00000000-0000-0000-0000-000000000000', '5ba687d7-951c-47f5-bf29-8ca93c0cbd48', '{"action":"login","actor_id":"56e74a13-011a-4bef-8587-b3f50be2be7c","actor_username":"0700000001","actor_via_sso":false,"log_type":"account","traits":{"provider":"email"}}', '2024-08-05 19:02:09.481266+00', ''),
	('00000000-0000-0000-0000-000000000000', '7ba00f36-5786-41a0-b4ac-1a85bc31c2ef', '{"action":"login","actor_id":"56e74a13-011a-4bef-8587-b3f50be2be7c","actor_username":"0700000001","actor_via_sso":false,"log_type":"account","traits":{"provider":"email"}}', '2024-08-05 19:02:52.160874+00', ''),
	('00000000-0000-0000-0000-000000000000', 'b84ec661-506d-4899-a68e-5205225c5b13', '{"action":"login","actor_id":"13c5aeb5-8a86-409c-8aab-987c80775445","actor_username":"nikola.sucevic@kinnic.com","actor_via_sso":false,"log_type":"account","traits":{"provider":"email"}}', '2024-08-05 19:03:30.09779+00', ''),
	('00000000-0000-0000-0000-000000000000', '65f62d65-2ddc-495a-97f7-0962628bcd6d', '{"action":"login","actor_id":"13c5aeb5-8a86-409c-8aab-987c80775445","actor_username":"nikola.sucevic@kinnic.com","actor_via_sso":false,"log_type":"account","traits":{"provider":"email"}}', '2024-08-05 19:03:54.944262+00', ''),
	('00000000-0000-0000-0000-000000000000', 'ab3d8b66-2e34-42f6-a4f2-5c5caeed9049', '{"action":"login","actor_id":"13c5aeb5-8a86-409c-8aab-987c80775445","actor_username":"nikola.sucevic@kinnic.com","actor_via_sso":false,"log_type":"account","traits":{"provider":"email"}}', '2024-08-05 19:06:10.947916+00', ''),
	('00000000-0000-0000-0000-000000000000', 'e34f166f-7e9c-4c44-a894-51a68a075696', '{"action":"login","actor_id":"13c5aeb5-8a86-409c-8aab-987c80775445","actor_username":"nikola.sucevic@kinnic.com","actor_via_sso":false,"log_type":"account","traits":{"provider":"email"}}', '2024-08-05 19:08:09.872037+00', ''),
	('00000000-0000-0000-0000-000000000000', '6771a467-4c03-4b7b-a27e-83a15aaa6ebf', '{"action":"login","actor_id":"13c5aeb5-8a86-409c-8aab-987c80775445","actor_username":"nikola.sucevic@kinnic.com","actor_via_sso":false,"log_type":"account","traits":{"provider":"email"}}', '2024-08-05 19:12:18.583341+00', ''),
	('00000000-0000-0000-0000-000000000000', '4955ceba-3141-4ffa-be9b-9b1a539f2da1', '{"action":"login","actor_id":"13c5aeb5-8a86-409c-8aab-987c80775445","actor_username":"nikola.sucevic@kinnic.com","actor_via_sso":false,"log_type":"account","traits":{"provider":"email"}}', '2024-08-05 19:14:41.58284+00', ''),
	('00000000-0000-0000-0000-000000000000', '3ac92b46-762b-47cc-a417-a38ed2ad59b4', '{"action":"login","actor_id":"13c5aeb5-8a86-409c-8aab-987c80775445","actor_username":"nikola.sucevic@kinnic.com","actor_via_sso":false,"log_type":"account","traits":{"provider":"email"}}', '2024-08-05 19:35:23.264941+00', ''),
	('00000000-0000-0000-0000-000000000000', 'b81249f1-c04e-4ce6-9cdc-6a6bedf0484a', '{"action":"logout","actor_id":"13c5aeb5-8a86-409c-8aab-987c80775445","actor_username":"nikola.sucevic@kinnic.com","actor_via_sso":false,"log_type":"account"}', '2024-08-05 19:45:14.690457+00', ''),
	('00000000-0000-0000-0000-000000000000', '3ac3f944-b511-4726-a648-1379976e7233', '{"action":"user_repeated_signup","actor_id":"0a74ff0c-3af9-41c9-a2b2-551654d71b5b","actor_username":"ai.operations@radioqubits.com","actor_via_sso":false,"log_type":"user","traits":{"provider":"email"}}', '2024-08-05 19:47:34.29641+00', ''),
	('00000000-0000-0000-0000-000000000000', '7d5f3ac3-98a6-4b03-bb06-4931e4578105', '{"action":"login","actor_id":"e2495a4c-62c7-4e75-a5ef-adedf2178e3e","actor_username":"0700000003","actor_via_sso":false,"log_type":"account","traits":{"provider":"email"}}', '2024-08-05 19:51:42.92347+00', ''),
	('00000000-0000-0000-0000-000000000000', '7a6cb4c8-6d3f-4f9f-a227-2e962342d986', '{"action":"token_refreshed","actor_id":"e2495a4c-62c7-4e75-a5ef-adedf2178e3e","actor_username":"0700000003","actor_via_sso":false,"log_type":"token"}', '2024-08-05 21:06:52.011962+00', ''),
	('00000000-0000-0000-0000-000000000000', '2888e5db-d770-4b64-a052-6822f13a8883', '{"action":"token_revoked","actor_id":"e2495a4c-62c7-4e75-a5ef-adedf2178e3e","actor_username":"0700000003","actor_via_sso":false,"log_type":"token"}', '2024-08-05 21:06:52.012818+00', ''),
	('00000000-0000-0000-0000-000000000000', 'a0a33be7-1fb8-43d9-8533-c1d89a510238', '{"action":"user_confirmation_requested","actor_id":"91016e59-38b7-4055-976c-a8a91c7976e1","actor_username":"nikola.sucevic@radioqubits.com","actor_via_sso":false,"log_type":"user","traits":{"provider":"email"}}', '2024-08-05 21:06:54.244108+00', ''),
	('00000000-0000-0000-0000-000000000000', '203fa6a5-2da3-4677-9b7a-de1337bab919', '{"action":"user_signedup","actor_id":"91016e59-38b7-4055-976c-a8a91c7976e1","actor_username":"nikola.sucevic@radioqubits.com","actor_via_sso":false,"log_type":"team"}', '2024-08-05 21:07:10.641552+00', ''),
	('00000000-0000-0000-0000-000000000000', '2525dffb-1449-455b-ab11-3ae7998b11c0', '{"action":"login","actor_id":"91016e59-38b7-4055-976c-a8a91c7976e1","actor_username":"nikola.sucevic@radioqubits.com","actor_via_sso":false,"log_type":"account","traits":{"provider":"email"}}', '2024-08-05 21:07:31.489005+00', ''),
	('00000000-0000-0000-0000-000000000000', '12b74458-62b9-46a3-a6f1-1197848b4f76', '{"action":"user_confirmation_requested","actor_id":"28de976b-ec5d-4e63-934a-2ed9952f5cda","actor_username":"nikola273@hotmail.com","actor_via_sso":false,"log_type":"user","traits":{"provider":"email"}}', '2024-08-06 17:23:34.493312+00', ''),
	('00000000-0000-0000-0000-000000000000', 'd5b95882-7531-41eb-bf89-93aedca38872', '{"action":"user_signedup","actor_id":"28de976b-ec5d-4e63-934a-2ed9952f5cda","actor_username":"nikola273@hotmail.com","actor_via_sso":false,"log_type":"team"}', '2024-08-06 17:25:59.300446+00', ''),
	('00000000-0000-0000-0000-000000000000', 'd3c9ab45-1bd3-417c-82b1-382feb031238', '{"action":"login","actor_id":"28de976b-ec5d-4e63-934a-2ed9952f5cda","actor_username":"nikola273@hotmail.com","actor_via_sso":false,"log_type":"account","traits":{"provider":"email"}}', '2024-08-06 17:26:02.836002+00', ''),
	('00000000-0000-0000-0000-000000000000', 'ad414be2-3229-42af-9282-410782c4ae74', '{"action":"login","actor_id":"13c5aeb5-8a86-409c-8aab-987c80775445","actor_username":"nikola.sucevic@kinnic.com","actor_via_sso":false,"log_type":"account","traits":{"provider":"email"}}', '2024-08-06 17:26:48.859779+00', ''),
	('00000000-0000-0000-0000-000000000000', 'f341ebb7-755c-484b-8360-1ed9e7c16fd0', '{"action":"login","actor_id":"28de976b-ec5d-4e63-934a-2ed9952f5cda","actor_username":"nikola273@hotmail.com","actor_via_sso":false,"log_type":"account","traits":{"provider":"email"}}', '2024-08-06 17:29:16.205954+00', ''),
	('00000000-0000-0000-0000-000000000000', '3896419c-02ca-42ba-b753-c9451276eba5', '{"action":"login","actor_id":"28de976b-ec5d-4e63-934a-2ed9952f5cda","actor_username":"nikola273@hotmail.com","actor_via_sso":false,"log_type":"account","traits":{"provider":"email"}}', '2024-08-06 17:31:09.776162+00', ''),
	('00000000-0000-0000-0000-000000000000', '4c308419-0963-4066-a8dc-d8d7fa54b758', '{"action":"login","actor_id":"28de976b-ec5d-4e63-934a-2ed9952f5cda","actor_username":"nikola273@hotmail.com","actor_via_sso":false,"log_type":"account","traits":{"provider":"email"}}', '2024-08-06 17:32:07.127258+00', ''),
	('00000000-0000-0000-0000-000000000000', '9e905e94-1d2d-4cb5-8e88-dfb1779ce147', '{"action":"login","actor_id":"e2495a4c-62c7-4e75-a5ef-adedf2178e3e","actor_username":"0700000003","actor_via_sso":false,"log_type":"account","traits":{"provider":"email"}}', '2024-08-06 17:38:18.873515+00', ''),
	('00000000-0000-0000-0000-000000000000', 'f994d010-fa99-4cc2-9941-77b055a16878', '{"action":"login","actor_id":"13c5aeb5-8a86-409c-8aab-987c80775445","actor_username":"nikola.sucevic@kinnic.com","actor_via_sso":false,"log_type":"account","traits":{"provider":"email"}}', '2024-08-06 17:40:44.63842+00', ''),
	('00000000-0000-0000-0000-000000000000', '69ef165b-9f63-4e6e-9a14-d30e0bf4477d', '{"action":"login","actor_id":"13c5aeb5-8a86-409c-8aab-987c80775445","actor_username":"nikola.sucevic@kinnic.com","actor_via_sso":false,"log_type":"account","traits":{"provider":"email"}}', '2024-08-06 17:56:09.67342+00', ''),
	('00000000-0000-0000-0000-000000000000', '64e8f840-9ee6-44f0-9fa7-1f078583088d', '{"action":"token_refreshed","actor_id":"13c5aeb5-8a86-409c-8aab-987c80775445","actor_username":"nikola.sucevic@kinnic.com","actor_via_sso":false,"log_type":"token"}', '2024-08-06 18:56:09.531533+00', ''),
	('00000000-0000-0000-0000-000000000000', 'd3f03fa5-0685-4bb6-a414-73cc79338067', '{"action":"token_revoked","actor_id":"13c5aeb5-8a86-409c-8aab-987c80775445","actor_username":"nikola.sucevic@kinnic.com","actor_via_sso":false,"log_type":"token"}', '2024-08-06 18:56:09.533134+00', ''),
	('00000000-0000-0000-0000-000000000000', 'b5387594-afe7-423c-af28-86204afd3bca', '{"action":"token_refreshed","actor_id":"13c5aeb5-8a86-409c-8aab-987c80775445","actor_username":"nikola.sucevic@kinnic.com","actor_via_sso":false,"log_type":"token"}', '2024-08-06 19:56:10.185411+00', ''),
	('00000000-0000-0000-0000-000000000000', '1d2b9134-45a6-4a32-9893-fbaea87c0f5a', '{"action":"token_revoked","actor_id":"13c5aeb5-8a86-409c-8aab-987c80775445","actor_username":"nikola.sucevic@kinnic.com","actor_via_sso":false,"log_type":"token"}', '2024-08-06 19:56:10.187222+00', ''),
	('00000000-0000-0000-0000-000000000000', '5be119fe-7638-49ca-b75b-7a73c8334655', '{"action":"token_refreshed","actor_id":"13c5aeb5-8a86-409c-8aab-987c80775445","actor_username":"nikola.sucevic@kinnic.com","actor_via_sso":false,"log_type":"token"}', '2024-08-06 20:57:09.486386+00', ''),
	('00000000-0000-0000-0000-000000000000', 'd50b1f86-b873-4174-858f-c770efce146c', '{"action":"token_revoked","actor_id":"13c5aeb5-8a86-409c-8aab-987c80775445","actor_username":"nikola.sucevic@kinnic.com","actor_via_sso":false,"log_type":"token"}', '2024-08-06 20:57:09.489144+00', ''),
	('00000000-0000-0000-0000-000000000000', '8f3aff04-985d-40cd-ac31-3c115a615112', '{"action":"token_refreshed","actor_id":"13c5aeb5-8a86-409c-8aab-987c80775445","actor_username":"nikola.sucevic@kinnic.com","actor_via_sso":false,"log_type":"token"}', '2024-08-06 21:57:09.527836+00', ''),
	('00000000-0000-0000-0000-000000000000', '7a78531c-3b8e-416c-ba47-994ad87b7ee4', '{"action":"token_revoked","actor_id":"13c5aeb5-8a86-409c-8aab-987c80775445","actor_username":"nikola.sucevic@kinnic.com","actor_via_sso":false,"log_type":"token"}', '2024-08-06 21:57:09.530243+00', ''),
	('00000000-0000-0000-0000-000000000000', '25ee8ede-62d6-4915-9b89-8533030b207f', '{"action":"token_refreshed","actor_id":"13c5aeb5-8a86-409c-8aab-987c80775445","actor_username":"nikola.sucevic@kinnic.com","actor_via_sso":false,"log_type":"token"}', '2024-08-06 22:57:09.570325+00', ''),
	('00000000-0000-0000-0000-000000000000', '03bd2837-4696-4edc-8a63-bcbb5d5870c6', '{"action":"token_revoked","actor_id":"13c5aeb5-8a86-409c-8aab-987c80775445","actor_username":"nikola.sucevic@kinnic.com","actor_via_sso":false,"log_type":"token"}', '2024-08-06 22:57:09.571833+00', ''),
	('00000000-0000-0000-0000-000000000000', '05a77bde-2d8b-4635-8b76-c5bfa7aac946', '{"action":"token_refreshed","actor_id":"13c5aeb5-8a86-409c-8aab-987c80775445","actor_username":"nikola.sucevic@kinnic.com","actor_via_sso":false,"log_type":"token"}', '2024-08-06 23:58:24.760629+00', ''),
	('00000000-0000-0000-0000-000000000000', 'af8db1ce-5800-496a-bc46-f4218126bf66', '{"action":"token_revoked","actor_id":"13c5aeb5-8a86-409c-8aab-987c80775445","actor_username":"nikola.sucevic@kinnic.com","actor_via_sso":false,"log_type":"token"}', '2024-08-06 23:58:24.762497+00', ''),
	('00000000-0000-0000-0000-000000000000', '9ebe586f-77e0-41b2-a66e-24caf85617b2', '{"action":"token_refreshed","actor_id":"13c5aeb5-8a86-409c-8aab-987c80775445","actor_username":"nikola.sucevic@kinnic.com","actor_via_sso":false,"log_type":"token"}', '2024-08-07 01:14:01.361392+00', ''),
	('00000000-0000-0000-0000-000000000000', '6325a3f6-92ca-46f1-81ec-d35aea79ae6f', '{"action":"token_revoked","actor_id":"13c5aeb5-8a86-409c-8aab-987c80775445","actor_username":"nikola.sucevic@kinnic.com","actor_via_sso":false,"log_type":"token"}', '2024-08-07 01:14:01.363471+00', ''),
	('00000000-0000-0000-0000-000000000000', '32111f45-28a5-4622-bc10-287910e40ba8', '{"action":"token_refreshed","actor_id":"13c5aeb5-8a86-409c-8aab-987c80775445","actor_username":"nikola.sucevic@kinnic.com","actor_via_sso":false,"log_type":"token"}', '2024-08-07 02:14:13.264717+00', ''),
	('00000000-0000-0000-0000-000000000000', 'abae04e3-0d94-4e29-bbdc-03cfb48d431c', '{"action":"token_revoked","actor_id":"13c5aeb5-8a86-409c-8aab-987c80775445","actor_username":"nikola.sucevic@kinnic.com","actor_via_sso":false,"log_type":"token"}', '2024-08-07 02:14:13.269092+00', ''),
	('00000000-0000-0000-0000-000000000000', '1b2e5b22-e169-41ce-9316-5096ed451ac4', '{"action":"token_refreshed","actor_id":"13c5aeb5-8a86-409c-8aab-987c80775445","actor_username":"nikola.sucevic@kinnic.com","actor_via_sso":false,"log_type":"token"}', '2024-08-07 03:32:21.851006+00', ''),
	('00000000-0000-0000-0000-000000000000', 'ec7bb3f6-38eb-4fd9-9153-8c08405c3089', '{"action":"token_revoked","actor_id":"13c5aeb5-8a86-409c-8aab-987c80775445","actor_username":"nikola.sucevic@kinnic.com","actor_via_sso":false,"log_type":"token"}', '2024-08-07 03:32:21.852313+00', ''),
	('00000000-0000-0000-0000-000000000000', '928c8a97-7a04-4d81-ba3b-b971ed43e7c5', '{"action":"token_refreshed","actor_id":"13c5aeb5-8a86-409c-8aab-987c80775445","actor_username":"nikola.sucevic@kinnic.com","actor_via_sso":false,"log_type":"token"}', '2024-08-07 04:44:26.737189+00', ''),
	('00000000-0000-0000-0000-000000000000', 'b98e37e3-9e7a-4d20-b8c4-616c20bac169', '{"action":"token_revoked","actor_id":"13c5aeb5-8a86-409c-8aab-987c80775445","actor_username":"nikola.sucevic@kinnic.com","actor_via_sso":false,"log_type":"token"}', '2024-08-07 04:44:26.739143+00', ''),
	('00000000-0000-0000-0000-000000000000', '13339b51-5a7e-424e-be1c-01e3fa64b234', '{"action":"token_refreshed","actor_id":"13c5aeb5-8a86-409c-8aab-987c80775445","actor_username":"nikola.sucevic@kinnic.com","actor_via_sso":false,"log_type":"token"}', '2024-08-07 05:45:11.642303+00', ''),
	('00000000-0000-0000-0000-000000000000', '7f05615c-d41e-41b8-93ae-09a7f17ee70d', '{"action":"token_revoked","actor_id":"13c5aeb5-8a86-409c-8aab-987c80775445","actor_username":"nikola.sucevic@kinnic.com","actor_via_sso":false,"log_type":"token"}', '2024-08-07 05:45:11.6435+00', ''),
	('00000000-0000-0000-0000-000000000000', 'fcf4f3de-31ef-4809-85e5-bbb8dbeeeda8', '{"action":"token_refreshed","actor_id":"13c5aeb5-8a86-409c-8aab-987c80775445","actor_username":"nikola.sucevic@kinnic.com","actor_via_sso":false,"log_type":"token"}', '2024-08-07 06:55:39.207821+00', ''),
	('00000000-0000-0000-0000-000000000000', 'd2ab1bb6-864f-41b8-83b2-7a4748f4e98c', '{"action":"token_revoked","actor_id":"13c5aeb5-8a86-409c-8aab-987c80775445","actor_username":"nikola.sucevic@kinnic.com","actor_via_sso":false,"log_type":"token"}', '2024-08-07 06:55:39.212339+00', ''),
	('00000000-0000-0000-0000-000000000000', '24abcfdd-e5ed-4c78-b09f-c90b87da3a05', '{"action":"token_refreshed","actor_id":"13c5aeb5-8a86-409c-8aab-987c80775445","actor_username":"nikola.sucevic@kinnic.com","actor_via_sso":false,"log_type":"token"}', '2024-08-07 08:04:36.059245+00', ''),
	('00000000-0000-0000-0000-000000000000', '2538fe3d-e842-488c-8590-8294ece7d420', '{"action":"token_revoked","actor_id":"13c5aeb5-8a86-409c-8aab-987c80775445","actor_username":"nikola.sucevic@kinnic.com","actor_via_sso":false,"log_type":"token"}', '2024-08-07 08:04:36.061102+00', ''),
	('00000000-0000-0000-0000-000000000000', '5c0a3077-77a0-4425-b5f5-79f02f9494e0', '{"action":"token_refreshed","actor_id":"13c5aeb5-8a86-409c-8aab-987c80775445","actor_username":"nikola.sucevic@kinnic.com","actor_via_sso":false,"log_type":"token"}', '2024-08-07 09:08:24.130402+00', ''),
	('00000000-0000-0000-0000-000000000000', '49a4fd99-f00f-4e20-99a5-35c2dfa2166d', '{"action":"token_revoked","actor_id":"13c5aeb5-8a86-409c-8aab-987c80775445","actor_username":"nikola.sucevic@kinnic.com","actor_via_sso":false,"log_type":"token"}', '2024-08-07 09:08:24.132622+00', ''),
	('00000000-0000-0000-0000-000000000000', 'a56312d8-0c2c-45ba-9cce-84a0774503a9', '{"action":"token_refreshed","actor_id":"13c5aeb5-8a86-409c-8aab-987c80775445","actor_username":"nikola.sucevic@kinnic.com","actor_via_sso":false,"log_type":"token"}', '2024-08-07 10:08:42.87562+00', ''),
	('00000000-0000-0000-0000-000000000000', '18d8671a-275c-4776-8e5c-287844945e97', '{"action":"token_revoked","actor_id":"13c5aeb5-8a86-409c-8aab-987c80775445","actor_username":"nikola.sucevic@kinnic.com","actor_via_sso":false,"log_type":"token"}', '2024-08-07 10:08:42.877241+00', ''),
	('00000000-0000-0000-0000-000000000000', '731ef054-8f17-4518-acc3-bc2e2904873e', '{"action":"token_refreshed","actor_id":"13c5aeb5-8a86-409c-8aab-987c80775445","actor_username":"nikola.sucevic@kinnic.com","actor_via_sso":false,"log_type":"token"}', '2024-08-07 11:26:22.502014+00', ''),
	('00000000-0000-0000-0000-000000000000', '50335dab-d426-4969-aafb-f7be74adf72a', '{"action":"token_revoked","actor_id":"13c5aeb5-8a86-409c-8aab-987c80775445","actor_username":"nikola.sucevic@kinnic.com","actor_via_sso":false,"log_type":"token"}', '2024-08-07 11:26:22.503968+00', ''),
	('00000000-0000-0000-0000-000000000000', '8e4dba09-e451-4730-bed8-91ae40747799', '{"action":"token_refreshed","actor_id":"13c5aeb5-8a86-409c-8aab-987c80775445","actor_username":"nikola.sucevic@kinnic.com","actor_via_sso":false,"log_type":"token"}', '2024-08-07 13:04:33.978124+00', ''),
	('00000000-0000-0000-0000-000000000000', '6490393c-8ea4-4608-bbeb-b78e582f463c', '{"action":"token_revoked","actor_id":"13c5aeb5-8a86-409c-8aab-987c80775445","actor_username":"nikola.sucevic@kinnic.com","actor_via_sso":false,"log_type":"token"}', '2024-08-07 13:04:33.98025+00', ''),
	('00000000-0000-0000-0000-000000000000', '16ec8985-9bf7-4b62-8216-762d03ce5a87', '{"action":"token_refreshed","actor_id":"13c5aeb5-8a86-409c-8aab-987c80775445","actor_username":"nikola.sucevic@kinnic.com","actor_via_sso":false,"log_type":"token"}', '2024-08-07 16:17:59.418909+00', ''),
	('00000000-0000-0000-0000-000000000000', 'efdd6aba-7d4a-458e-8ffa-c443b6fd500a', '{"action":"token_revoked","actor_id":"13c5aeb5-8a86-409c-8aab-987c80775445","actor_username":"nikola.sucevic@kinnic.com","actor_via_sso":false,"log_type":"token"}', '2024-08-07 16:17:59.423377+00', ''),
	('00000000-0000-0000-0000-000000000000', '1d6edfbe-2073-4c96-a569-6a286aca260c', '{"action":"user_repeated_signup","actor_id":"28de976b-ec5d-4e63-934a-2ed9952f5cda","actor_username":"nikola273@hotmail.com","actor_via_sso":false,"log_type":"user","traits":{"provider":"email"}}', '2024-08-07 16:18:10.67795+00', ''),
	('00000000-0000-0000-0000-000000000000', '02ba30fb-46a2-46e6-a21a-af3490002c50', '{"action":"login","actor_id":"28de976b-ec5d-4e63-934a-2ed9952f5cda","actor_username":"nikola273@hotmail.com","actor_via_sso":false,"log_type":"account","traits":{"provider":"email"}}', '2024-08-07 16:21:28.878323+00', ''),
	('00000000-0000-0000-0000-000000000000', '19c74596-b16f-4ee7-a06d-f00645bdff00', '{"action":"login","actor_id":"13c5aeb5-8a86-409c-8aab-987c80775445","actor_username":"nikola.sucevic@kinnic.com","actor_via_sso":false,"log_type":"account","traits":{"provider":"email"}}', '2024-08-07 16:23:44.787267+00', ''),
	('00000000-0000-0000-0000-000000000000', 'e67caff5-1b68-4645-8150-405c0593e114', '{"action":"login","actor_id":"28de976b-ec5d-4e63-934a-2ed9952f5cda","actor_username":"nikola273@hotmail.com","actor_via_sso":false,"log_type":"account","traits":{"provider":"email"}}', '2024-08-07 16:41:41.722414+00', ''),
	('00000000-0000-0000-0000-000000000000', '83534129-ffaf-4835-a40b-d2d28c121c0d', '{"action":"login","actor_id":"28de976b-ec5d-4e63-934a-2ed9952f5cda","actor_username":"nikola273@hotmail.com","actor_via_sso":false,"log_type":"account","traits":{"provider":"email"}}', '2024-08-07 16:55:23.988441+00', ''),
	('00000000-0000-0000-0000-000000000000', '5f4cc762-f0f7-462e-a40d-9f145900e8b0', '{"action":"login","actor_id":"28de976b-ec5d-4e63-934a-2ed9952f5cda","actor_username":"nikola273@hotmail.com","actor_via_sso":false,"log_type":"account","traits":{"provider":"email"}}', '2024-08-07 17:01:40.670644+00', ''),
	('00000000-0000-0000-0000-000000000000', '977974c5-822a-447d-832e-113723587e63', '{"action":"login","actor_id":"28de976b-ec5d-4e63-934a-2ed9952f5cda","actor_username":"nikola273@hotmail.com","actor_via_sso":false,"log_type":"account","traits":{"provider":"email"}}', '2024-08-07 17:02:11.411658+00', ''),
	('00000000-0000-0000-0000-000000000000', '1cc7c087-20c3-4d34-8e17-3731c6cfa360', '{"action":"login","actor_id":"28de976b-ec5d-4e63-934a-2ed9952f5cda","actor_username":"nikola273@hotmail.com","actor_via_sso":false,"log_type":"account","traits":{"provider":"email"}}', '2024-08-07 17:10:20.706226+00', ''),
	('00000000-0000-0000-0000-000000000000', '5ae97f5d-caa6-47db-b2cf-3e9531887dca', '{"action":"login","actor_id":"28de976b-ec5d-4e63-934a-2ed9952f5cda","actor_username":"nikola273@hotmail.com","actor_via_sso":false,"log_type":"account","traits":{"provider":"email"}}', '2024-08-07 17:11:07.132038+00', ''),
	('00000000-0000-0000-0000-000000000000', 'defebcfc-15d8-4b5e-9177-930bc4a75c23', '{"action":"login","actor_id":"28de976b-ec5d-4e63-934a-2ed9952f5cda","actor_username":"nikola273@hotmail.com","actor_via_sso":false,"log_type":"account","traits":{"provider":"email"}}', '2024-08-07 17:36:34.425217+00', ''),
	('00000000-0000-0000-0000-000000000000', 'cf3e01ef-011c-4d5a-8806-7bc1cc069498', '{"action":"login","actor_id":"28de976b-ec5d-4e63-934a-2ed9952f5cda","actor_username":"nikola273@hotmail.com","actor_via_sso":false,"log_type":"account","traits":{"provider":"email"}}', '2024-08-07 17:38:34.882268+00', ''),
	('00000000-0000-0000-0000-000000000000', '306371d2-e760-4b46-90a9-840ed23a6914', '{"action":"login","actor_id":"28de976b-ec5d-4e63-934a-2ed9952f5cda","actor_username":"nikola273@hotmail.com","actor_via_sso":false,"log_type":"account","traits":{"provider":"email"}}', '2024-08-07 17:43:42.39092+00', ''),
	('00000000-0000-0000-0000-000000000000', '01b04ae5-8a27-4921-8c40-66b7ac0227ce', '{"action":"login","actor_id":"28de976b-ec5d-4e63-934a-2ed9952f5cda","actor_username":"nikola273@hotmail.com","actor_via_sso":false,"log_type":"account","traits":{"provider":"email"}}', '2024-08-07 17:53:11.728571+00', ''),
	('00000000-0000-0000-0000-000000000000', 'd5a89516-7d7d-4202-b5df-3b736d7435f0', '{"action":"login","actor_id":"28de976b-ec5d-4e63-934a-2ed9952f5cda","actor_username":"nikola273@hotmail.com","actor_via_sso":false,"log_type":"account","traits":{"provider":"email"}}', '2024-08-07 17:55:18.852633+00', ''),
	('00000000-0000-0000-0000-000000000000', '115d6159-4a0f-45a6-8d89-5c388f93ca80', '{"action":"login","actor_id":"28de976b-ec5d-4e63-934a-2ed9952f5cda","actor_username":"nikola273@hotmail.com","actor_via_sso":false,"log_type":"account","traits":{"provider":"email"}}', '2024-08-07 18:01:55.923383+00', ''),
	('00000000-0000-0000-0000-000000000000', '0cf3d5d7-5550-4d81-ba70-9de3c538f7b0', '{"action":"login","actor_id":"28de976b-ec5d-4e63-934a-2ed9952f5cda","actor_username":"nikola273@hotmail.com","actor_via_sso":false,"log_type":"account","traits":{"provider":"email"}}', '2024-08-07 18:10:27.617854+00', ''),
	('00000000-0000-0000-0000-000000000000', 'da741d7e-aafd-4e56-ac22-081876128dfe', '{"action":"login","actor_id":"28de976b-ec5d-4e63-934a-2ed9952f5cda","actor_username":"nikola273@hotmail.com","actor_via_sso":false,"log_type":"account","traits":{"provider":"email"}}', '2024-08-07 18:12:10.926922+00', ''),
	('00000000-0000-0000-0000-000000000000', 'a81abb00-3ab3-49fa-9b2e-7c8edb6c3914', '{"action":"login","actor_id":"28de976b-ec5d-4e63-934a-2ed9952f5cda","actor_username":"nikola273@hotmail.com","actor_via_sso":false,"log_type":"account","traits":{"provider":"email"}}', '2024-08-07 18:16:46.321076+00', ''),
	('00000000-0000-0000-0000-000000000000', '18811038-5383-4668-8c95-a218ee1742a5', '{"action":"login","actor_id":"28de976b-ec5d-4e63-934a-2ed9952f5cda","actor_username":"nikola273@hotmail.com","actor_via_sso":false,"log_type":"account","traits":{"provider":"email"}}', '2024-08-07 18:17:35.034162+00', ''),
	('00000000-0000-0000-0000-000000000000', '2e925ec6-b45c-4f4e-a160-4f5f57193ab5', '{"action":"login","actor_id":"28de976b-ec5d-4e63-934a-2ed9952f5cda","actor_username":"nikola273@hotmail.com","actor_via_sso":false,"log_type":"account","traits":{"provider":"email"}}', '2024-08-07 18:30:10.316665+00', ''),
	('00000000-0000-0000-0000-000000000000', 'fcdde2d7-4ef2-4c57-8975-21676428ba51', '{"action":"login","actor_id":"28de976b-ec5d-4e63-934a-2ed9952f5cda","actor_username":"nikola273@hotmail.com","actor_via_sso":false,"log_type":"account","traits":{"provider":"email"}}', '2024-08-07 18:36:47.383975+00', ''),
	('00000000-0000-0000-0000-000000000000', '72bc4d3d-bc73-458e-b7e0-1b99a88f0752', '{"action":"login","actor_id":"28de976b-ec5d-4e63-934a-2ed9952f5cda","actor_username":"nikola273@hotmail.com","actor_via_sso":false,"log_type":"account","traits":{"provider":"email"}}', '2024-08-07 18:38:05.091412+00', ''),
	('00000000-0000-0000-0000-000000000000', 'c654db87-0b44-4e4e-bad8-a5c2c0cf6508', '{"action":"login","actor_id":"28de976b-ec5d-4e63-934a-2ed9952f5cda","actor_username":"nikola273@hotmail.com","actor_via_sso":false,"log_type":"account","traits":{"provider":"email"}}', '2024-08-07 18:38:35.578859+00', ''),
	('00000000-0000-0000-0000-000000000000', 'afb08a2f-dcfc-4b4b-b883-5e8ec5110235', '{"action":"login","actor_id":"28de976b-ec5d-4e63-934a-2ed9952f5cda","actor_username":"nikola273@hotmail.com","actor_via_sso":false,"log_type":"account","traits":{"provider":"email"}}', '2024-08-07 18:49:15.47017+00', ''),
	('00000000-0000-0000-0000-000000000000', '21f20b52-d79a-427e-8747-8ebd822f8d3f', '{"action":"login","actor_id":"28de976b-ec5d-4e63-934a-2ed9952f5cda","actor_username":"nikola273@hotmail.com","actor_via_sso":false,"log_type":"account","traits":{"provider":"email"}}', '2024-08-07 18:53:34.393742+00', ''),
	('00000000-0000-0000-0000-000000000000', '7c3d1f81-2d16-41cb-81a1-4bf780010836', '{"action":"login","actor_id":"28de976b-ec5d-4e63-934a-2ed9952f5cda","actor_username":"nikola273@hotmail.com","actor_via_sso":false,"log_type":"account","traits":{"provider":"email"}}', '2024-08-07 18:56:00.485705+00', ''),
	('00000000-0000-0000-0000-000000000000', 'be1c57e3-da93-43ab-bfb7-a33344ac9e26', '{"action":"login","actor_id":"28de976b-ec5d-4e63-934a-2ed9952f5cda","actor_username":"nikola273@hotmail.com","actor_via_sso":false,"log_type":"account","traits":{"provider":"email"}}', '2024-08-07 19:04:35.109722+00', ''),
	('00000000-0000-0000-0000-000000000000', '83f34b95-19c0-4a0f-8315-7d66d719ac1e', '{"action":"login","actor_id":"28de976b-ec5d-4e63-934a-2ed9952f5cda","actor_username":"nikola273@hotmail.com","actor_via_sso":false,"log_type":"account","traits":{"provider":"email"}}', '2024-08-07 19:06:43.160909+00', ''),
	('00000000-0000-0000-0000-000000000000', '54acf572-df06-47e9-ba24-51e7440d441f', '{"action":"login","actor_id":"28de976b-ec5d-4e63-934a-2ed9952f5cda","actor_username":"nikola273@hotmail.com","actor_via_sso":false,"log_type":"account","traits":{"provider":"email"}}', '2024-08-07 19:11:08.081979+00', ''),
	('00000000-0000-0000-0000-000000000000', '2ab305cd-ad9e-47a2-8c79-785f9a766303', '{"action":"login","actor_id":"28de976b-ec5d-4e63-934a-2ed9952f5cda","actor_username":"nikola273@hotmail.com","actor_via_sso":false,"log_type":"account","traits":{"provider":"email"}}', '2024-08-07 19:12:37.492752+00', ''),
	('00000000-0000-0000-0000-000000000000', 'dfdc739e-9ba2-42cb-bafc-c0d352890ed6', '{"action":"login","actor_id":"28de976b-ec5d-4e63-934a-2ed9952f5cda","actor_username":"nikola273@hotmail.com","actor_via_sso":false,"log_type":"account","traits":{"provider":"email"}}', '2024-08-07 19:16:58.904596+00', ''),
	('00000000-0000-0000-0000-000000000000', '2470ed05-631e-4bde-af55-a60edd183313', '{"action":"login","actor_id":"28de976b-ec5d-4e63-934a-2ed9952f5cda","actor_username":"nikola273@hotmail.com","actor_via_sso":false,"log_type":"account","traits":{"provider":"email"}}', '2024-08-07 20:04:43.497355+00', ''),
	('00000000-0000-0000-0000-000000000000', '9b2568c9-6060-4049-8b43-0893a8e76a37', '{"action":"login","actor_id":"28de976b-ec5d-4e63-934a-2ed9952f5cda","actor_username":"nikola273@hotmail.com","actor_via_sso":false,"log_type":"account","traits":{"provider":"email"}}', '2024-08-07 20:28:44.081132+00', ''),
	('00000000-0000-0000-0000-000000000000', '69c8fd3d-36e3-4af8-bd60-d126c2f5b952', '{"action":"login","actor_id":"28de976b-ec5d-4e63-934a-2ed9952f5cda","actor_username":"nikola273@hotmail.com","actor_via_sso":false,"log_type":"account","traits":{"provider":"email"}}', '2024-08-07 20:36:55.10664+00', ''),
	('00000000-0000-0000-0000-000000000000', '878f59d3-d114-4dee-8932-316c1b37f680', '{"action":"login","actor_id":"13c5aeb5-8a86-409c-8aab-987c80775445","actor_username":"nikola.sucevic@kinnic.com","actor_via_sso":false,"log_type":"account","traits":{"provider":"email"}}', '2024-08-07 20:38:29.002096+00', ''),
	('00000000-0000-0000-0000-000000000000', '6da79d33-89bd-4ab3-bd72-c84a3f1976e1', '{"action":"login","actor_id":"91016e59-38b7-4055-976c-a8a91c7976e1","actor_username":"nikola.sucevic@radioqubits.com","actor_via_sso":false,"log_type":"account","traits":{"provider":"email"}}', '2024-08-07 20:39:10.870628+00', ''),
	('00000000-0000-0000-0000-000000000000', '263aa1dd-d138-440e-8f24-c479620baa59', '{"action":"login","actor_id":"28de976b-ec5d-4e63-934a-2ed9952f5cda","actor_username":"nikola273@hotmail.com","actor_via_sso":false,"log_type":"account","traits":{"provider":"email"}}', '2024-08-07 20:49:33.864042+00', ''),
	('00000000-0000-0000-0000-000000000000', 'd7b581d0-abca-4e76-8f84-4fd94252dd15', '{"action":"login","actor_id":"28de976b-ec5d-4e63-934a-2ed9952f5cda","actor_username":"nikola273@hotmail.com","actor_via_sso":false,"log_type":"account","traits":{"provider":"email"}}', '2024-08-07 21:16:00.020712+00', ''),
	('00000000-0000-0000-0000-000000000000', '18532c8b-f94e-4f15-98c2-8ad1bd2bfe66', '{"action":"login","actor_id":"28de976b-ec5d-4e63-934a-2ed9952f5cda","actor_username":"nikola273@hotmail.com","actor_via_sso":false,"log_type":"account","traits":{"provider":"email"}}', '2024-08-07 21:22:20.031743+00', ''),
	('00000000-0000-0000-0000-000000000000', 'cf99adc0-91c8-483c-ae3b-f3035337ef40', '{"action":"login","actor_id":"28de976b-ec5d-4e63-934a-2ed9952f5cda","actor_username":"nikola273@hotmail.com","actor_via_sso":false,"log_type":"account","traits":{"provider":"email"}}', '2024-08-07 21:35:13.798495+00', ''),
	('00000000-0000-0000-0000-000000000000', '2dbdb48d-5249-4187-a0b9-5106e1047ede', '{"action":"login","actor_id":"28de976b-ec5d-4e63-934a-2ed9952f5cda","actor_username":"nikola273@hotmail.com","actor_via_sso":false,"log_type":"account","traits":{"provider":"email"}}', '2024-08-07 21:48:47.345662+00', ''),
	('00000000-0000-0000-0000-000000000000', 'f1f63803-67d3-4427-b29b-1ecd71415d20', '{"action":"token_refreshed","actor_id":"28de976b-ec5d-4e63-934a-2ed9952f5cda","actor_username":"nikola273@hotmail.com","actor_via_sso":false,"log_type":"token"}', '2024-08-07 22:49:09.098731+00', ''),
	('00000000-0000-0000-0000-000000000000', '40ece8de-5d8d-419e-8a03-463d843b3cdd', '{"action":"token_revoked","actor_id":"28de976b-ec5d-4e63-934a-2ed9952f5cda","actor_username":"nikola273@hotmail.com","actor_via_sso":false,"log_type":"token"}', '2024-08-07 22:49:09.100579+00', ''),
	('00000000-0000-0000-0000-000000000000', 'cabcde7b-f748-4984-a6fd-1cfcbfd4015a', '{"action":"token_refreshed","actor_id":"28de976b-ec5d-4e63-934a-2ed9952f5cda","actor_username":"nikola273@hotmail.com","actor_via_sso":false,"log_type":"token"}', '2024-08-08 00:04:27.24095+00', ''),
	('00000000-0000-0000-0000-000000000000', 'fd81bd2e-4607-4f9f-95bb-e9c8a431121a', '{"action":"token_revoked","actor_id":"28de976b-ec5d-4e63-934a-2ed9952f5cda","actor_username":"nikola273@hotmail.com","actor_via_sso":false,"log_type":"token"}', '2024-08-08 00:04:27.243046+00', ''),
	('00000000-0000-0000-0000-000000000000', '9471138f-12f6-4c4e-8f91-87f6cfce5156', '{"action":"token_refreshed","actor_id":"28de976b-ec5d-4e63-934a-2ed9952f5cda","actor_username":"nikola273@hotmail.com","actor_via_sso":false,"log_type":"token"}', '2024-08-08 01:04:46.803527+00', ''),
	('00000000-0000-0000-0000-000000000000', '1ed0e070-af68-4674-955b-7dbf69267e6c', '{"action":"token_revoked","actor_id":"28de976b-ec5d-4e63-934a-2ed9952f5cda","actor_username":"nikola273@hotmail.com","actor_via_sso":false,"log_type":"token"}', '2024-08-08 01:04:46.805204+00', ''),
	('00000000-0000-0000-0000-000000000000', '282bf54a-6c0a-4768-bd43-9c4b5b1d1589', '{"action":"token_refreshed","actor_id":"28de976b-ec5d-4e63-934a-2ed9952f5cda","actor_username":"nikola273@hotmail.com","actor_via_sso":false,"log_type":"token"}', '2024-08-08 02:21:58.470257+00', ''),
	('00000000-0000-0000-0000-000000000000', '77ed1200-16a2-45fe-98d9-d24436ce3e3e', '{"action":"token_revoked","actor_id":"28de976b-ec5d-4e63-934a-2ed9952f5cda","actor_username":"nikola273@hotmail.com","actor_via_sso":false,"log_type":"token"}', '2024-08-08 02:21:58.472294+00', ''),
	('00000000-0000-0000-0000-000000000000', 'f68309b5-799d-4293-b01a-97c9c78ee7f8', '{"action":"token_refreshed","actor_id":"28de976b-ec5d-4e63-934a-2ed9952f5cda","actor_username":"nikola273@hotmail.com","actor_via_sso":false,"log_type":"token"}', '2024-08-08 03:28:00.55152+00', ''),
	('00000000-0000-0000-0000-000000000000', '18ed774e-725e-4297-8184-42bfc85208fd', '{"action":"token_revoked","actor_id":"28de976b-ec5d-4e63-934a-2ed9952f5cda","actor_username":"nikola273@hotmail.com","actor_via_sso":false,"log_type":"token"}', '2024-08-08 03:28:00.552804+00', ''),
	('00000000-0000-0000-0000-000000000000', '68565608-a4bf-4aa3-a58f-7f7489d9e684', '{"action":"token_refreshed","actor_id":"28de976b-ec5d-4e63-934a-2ed9952f5cda","actor_username":"nikola273@hotmail.com","actor_via_sso":false,"log_type":"token"}', '2024-08-08 04:39:17.310316+00', ''),
	('00000000-0000-0000-0000-000000000000', 'f4725873-425d-4ee5-8bf7-46fc63e796b9', '{"action":"token_revoked","actor_id":"28de976b-ec5d-4e63-934a-2ed9952f5cda","actor_username":"nikola273@hotmail.com","actor_via_sso":false,"log_type":"token"}', '2024-08-08 04:39:17.312398+00', ''),
	('00000000-0000-0000-0000-000000000000', 'cf17d24c-894a-4243-be57-d10645655116', '{"action":"token_refreshed","actor_id":"28de976b-ec5d-4e63-934a-2ed9952f5cda","actor_username":"nikola273@hotmail.com","actor_via_sso":false,"log_type":"token"}', '2024-08-08 05:54:59.913932+00', ''),
	('00000000-0000-0000-0000-000000000000', '5e05b41a-84f0-491f-b57f-69cbcd81adc3', '{"action":"token_revoked","actor_id":"28de976b-ec5d-4e63-934a-2ed9952f5cda","actor_username":"nikola273@hotmail.com","actor_via_sso":false,"log_type":"token"}', '2024-08-08 05:54:59.915692+00', ''),
	('00000000-0000-0000-0000-000000000000', 'cce42671-400a-4221-8a0c-3fe9c43239ce', '{"action":"token_refreshed","actor_id":"28de976b-ec5d-4e63-934a-2ed9952f5cda","actor_username":"nikola273@hotmail.com","actor_via_sso":false,"log_type":"token"}', '2024-08-08 07:09:26.234287+00', ''),
	('00000000-0000-0000-0000-000000000000', 'f694f2ab-fc69-434f-bad9-4d1722274563', '{"action":"token_revoked","actor_id":"28de976b-ec5d-4e63-934a-2ed9952f5cda","actor_username":"nikola273@hotmail.com","actor_via_sso":false,"log_type":"token"}', '2024-08-08 07:09:26.238926+00', ''),
	('00000000-0000-0000-0000-000000000000', 'f6589b26-25e2-4a23-ab75-caa808a15136', '{"action":"token_refreshed","actor_id":"28de976b-ec5d-4e63-934a-2ed9952f5cda","actor_username":"nikola273@hotmail.com","actor_via_sso":false,"log_type":"token"}', '2024-08-08 08:10:04.430092+00', ''),
	('00000000-0000-0000-0000-000000000000', 'dfea37bc-25bf-40ff-9f64-750f04822ccc', '{"action":"token_revoked","actor_id":"28de976b-ec5d-4e63-934a-2ed9952f5cda","actor_username":"nikola273@hotmail.com","actor_via_sso":false,"log_type":"token"}', '2024-08-08 08:10:04.433609+00', ''),
	('00000000-0000-0000-0000-000000000000', '8b1be48a-8384-4eb4-93e9-2139402819e9', '{"action":"token_refreshed","actor_id":"28de976b-ec5d-4e63-934a-2ed9952f5cda","actor_username":"nikola273@hotmail.com","actor_via_sso":false,"log_type":"token"}', '2024-08-08 09:10:04.514169+00', ''),
	('00000000-0000-0000-0000-000000000000', 'a31e4a37-9eab-4080-b71d-049109f3a677', '{"action":"token_revoked","actor_id":"28de976b-ec5d-4e63-934a-2ed9952f5cda","actor_username":"nikola273@hotmail.com","actor_via_sso":false,"log_type":"token"}', '2024-08-08 09:10:04.516163+00', ''),
	('00000000-0000-0000-0000-000000000000', '79787a32-04e5-476a-abff-6fd9c190ab15', '{"action":"token_refreshed","actor_id":"28de976b-ec5d-4e63-934a-2ed9952f5cda","actor_username":"nikola273@hotmail.com","actor_via_sso":false,"log_type":"token"}', '2024-08-08 10:10:25.25668+00', ''),
	('00000000-0000-0000-0000-000000000000', '8bdc3bc2-136a-4e36-9ef8-7ec4682f2f61', '{"action":"token_revoked","actor_id":"28de976b-ec5d-4e63-934a-2ed9952f5cda","actor_username":"nikola273@hotmail.com","actor_via_sso":false,"log_type":"token"}', '2024-08-08 10:10:25.259186+00', ''),
	('00000000-0000-0000-0000-000000000000', 'aefcfa99-06b3-4ac7-bfa7-03365e831f12', '{"action":"token_refreshed","actor_id":"28de976b-ec5d-4e63-934a-2ed9952f5cda","actor_username":"nikola273@hotmail.com","actor_via_sso":false,"log_type":"token"}', '2024-08-08 11:11:25.374923+00', ''),
	('00000000-0000-0000-0000-000000000000', '31ac0563-a30f-4962-8cd1-862b81465a54', '{"action":"token_revoked","actor_id":"28de976b-ec5d-4e63-934a-2ed9952f5cda","actor_username":"nikola273@hotmail.com","actor_via_sso":false,"log_type":"token"}', '2024-08-08 11:11:25.381179+00', ''),
	('00000000-0000-0000-0000-000000000000', 'fc1e7df7-f978-47b1-ab03-2f5381908224', '{"action":"token_refreshed","actor_id":"28de976b-ec5d-4e63-934a-2ed9952f5cda","actor_username":"nikola273@hotmail.com","actor_via_sso":false,"log_type":"token"}', '2024-08-08 12:16:21.799949+00', ''),
	('00000000-0000-0000-0000-000000000000', '76b48921-b014-4c57-bd2d-8d78dbd77739', '{"action":"token_revoked","actor_id":"28de976b-ec5d-4e63-934a-2ed9952f5cda","actor_username":"nikola273@hotmail.com","actor_via_sso":false,"log_type":"token"}', '2024-08-08 12:16:21.801605+00', ''),
	('00000000-0000-0000-0000-000000000000', '4bfb3bdb-73e5-40d8-a8c0-a36d55522e06', '{"action":"token_refreshed","actor_id":"28de976b-ec5d-4e63-934a-2ed9952f5cda","actor_username":"nikola273@hotmail.com","actor_via_sso":false,"log_type":"token"}', '2024-08-08 13:16:21.60166+00', ''),
	('00000000-0000-0000-0000-000000000000', 'fda45459-e1cc-4d8d-8458-3106f7692ca1', '{"action":"token_revoked","actor_id":"28de976b-ec5d-4e63-934a-2ed9952f5cda","actor_username":"nikola273@hotmail.com","actor_via_sso":false,"log_type":"token"}', '2024-08-08 13:16:21.603943+00', ''),
	('00000000-0000-0000-0000-000000000000', 'e8c6d3e3-4633-4b6f-b8a1-b91fe777f35f', '{"action":"token_refreshed","actor_id":"28de976b-ec5d-4e63-934a-2ed9952f5cda","actor_username":"nikola273@hotmail.com","actor_via_sso":false,"log_type":"token"}', '2024-08-08 14:28:14.340219+00', ''),
	('00000000-0000-0000-0000-000000000000', 'f51f34d9-f1fd-4e98-b7da-a99000a4c1ed', '{"action":"token_revoked","actor_id":"28de976b-ec5d-4e63-934a-2ed9952f5cda","actor_username":"nikola273@hotmail.com","actor_via_sso":false,"log_type":"token"}', '2024-08-08 14:28:14.342985+00', ''),
	('00000000-0000-0000-0000-000000000000', '5f522b39-82ae-4544-b612-eeafb825030c', '{"action":"token_refreshed","actor_id":"28de976b-ec5d-4e63-934a-2ed9952f5cda","actor_username":"nikola273@hotmail.com","actor_via_sso":false,"log_type":"token"}', '2024-08-08 15:38:13.976419+00', ''),
	('00000000-0000-0000-0000-000000000000', '42c7eb16-7d86-4922-b350-268b1f387cb3', '{"action":"token_revoked","actor_id":"28de976b-ec5d-4e63-934a-2ed9952f5cda","actor_username":"nikola273@hotmail.com","actor_via_sso":false,"log_type":"token"}', '2024-08-08 15:38:13.978574+00', ''),
	('00000000-0000-0000-0000-000000000000', 'fad442b6-b6a7-404f-936f-be6b3a992915', '{"action":"token_refreshed","actor_id":"28de976b-ec5d-4e63-934a-2ed9952f5cda","actor_username":"nikola273@hotmail.com","actor_via_sso":false,"log_type":"token"}', '2024-08-08 16:53:11.786115+00', ''),
	('00000000-0000-0000-0000-000000000000', '44e87bf0-58c4-4516-a09c-9020b8a0aff4', '{"action":"token_revoked","actor_id":"28de976b-ec5d-4e63-934a-2ed9952f5cda","actor_username":"nikola273@hotmail.com","actor_via_sso":false,"log_type":"token"}', '2024-08-08 16:53:11.788318+00', ''),
	('00000000-0000-0000-0000-000000000000', '9a984f80-8e2e-4e55-9134-fdec1bdae0a2', '{"action":"token_refreshed","actor_id":"28de976b-ec5d-4e63-934a-2ed9952f5cda","actor_username":"nikola273@hotmail.com","actor_via_sso":false,"log_type":"token"}', '2024-08-08 18:05:18.235666+00', ''),
	('00000000-0000-0000-0000-000000000000', '633e2e02-97fd-45c0-8468-4bcbf893d5cc', '{"action":"token_revoked","actor_id":"28de976b-ec5d-4e63-934a-2ed9952f5cda","actor_username":"nikola273@hotmail.com","actor_via_sso":false,"log_type":"token"}', '2024-08-08 18:05:18.237427+00', ''),
	('00000000-0000-0000-0000-000000000000', '5f03a8ea-c482-4764-a735-dcccbfc57b38', '{"action":"token_refreshed","actor_id":"28de976b-ec5d-4e63-934a-2ed9952f5cda","actor_username":"nikola273@hotmail.com","actor_via_sso":false,"log_type":"token"}', '2024-08-08 19:06:02.815487+00', ''),
	('00000000-0000-0000-0000-000000000000', '7ccb78a6-c38e-4540-a46b-2a6aad7f31ec', '{"action":"token_revoked","actor_id":"28de976b-ec5d-4e63-934a-2ed9952f5cda","actor_username":"nikola273@hotmail.com","actor_via_sso":false,"log_type":"token"}', '2024-08-08 19:06:02.816998+00', ''),
	('00000000-0000-0000-0000-000000000000', '9ac886e7-42b0-4255-8df7-afeadafa48ff', '{"action":"token_refreshed","actor_id":"28de976b-ec5d-4e63-934a-2ed9952f5cda","actor_username":"nikola273@hotmail.com","actor_via_sso":false,"log_type":"token"}', '2024-08-08 20:07:01.68785+00', ''),
	('00000000-0000-0000-0000-000000000000', 'b09a7cb5-b3b6-400e-baf7-c2354735aa1b', '{"action":"token_revoked","actor_id":"28de976b-ec5d-4e63-934a-2ed9952f5cda","actor_username":"nikola273@hotmail.com","actor_via_sso":false,"log_type":"token"}', '2024-08-08 20:07:01.689594+00', ''),
	('00000000-0000-0000-0000-000000000000', '675c8570-ada3-491a-adcb-e109f9f3a8c6', '{"action":"token_refreshed","actor_id":"28de976b-ec5d-4e63-934a-2ed9952f5cda","actor_username":"nikola273@hotmail.com","actor_via_sso":false,"log_type":"token"}', '2024-08-08 21:08:01.286324+00', ''),
	('00000000-0000-0000-0000-000000000000', '702be22e-e995-4952-9929-f066ffeb5cd7', '{"action":"token_revoked","actor_id":"28de976b-ec5d-4e63-934a-2ed9952f5cda","actor_username":"nikola273@hotmail.com","actor_via_sso":false,"log_type":"token"}', '2024-08-08 21:08:01.288673+00', ''),
	('00000000-0000-0000-0000-000000000000', '01ee7aa0-57dc-4e74-82ae-a822c8f85ee6', '{"action":"token_refreshed","actor_id":"28de976b-ec5d-4e63-934a-2ed9952f5cda","actor_username":"nikola273@hotmail.com","actor_via_sso":false,"log_type":"token"}', '2024-08-08 22:09:02.294331+00', ''),
	('00000000-0000-0000-0000-000000000000', '1220e188-a667-4bd6-938f-a936aff36533', '{"action":"token_revoked","actor_id":"28de976b-ec5d-4e63-934a-2ed9952f5cda","actor_username":"nikola273@hotmail.com","actor_via_sso":false,"log_type":"token"}', '2024-08-08 22:09:02.296288+00', ''),
	('00000000-0000-0000-0000-000000000000', 'ad425e1d-f710-45b9-a70a-ac4ba853380c', '{"action":"token_refreshed","actor_id":"28de976b-ec5d-4e63-934a-2ed9952f5cda","actor_username":"nikola273@hotmail.com","actor_via_sso":false,"log_type":"token"}', '2024-08-08 23:10:01.454785+00', ''),
	('00000000-0000-0000-0000-000000000000', '0aaad312-d6ca-4207-bc97-a6e13aee4773', '{"action":"token_revoked","actor_id":"28de976b-ec5d-4e63-934a-2ed9952f5cda","actor_username":"nikola273@hotmail.com","actor_via_sso":false,"log_type":"token"}', '2024-08-08 23:10:01.471918+00', ''),
	('00000000-0000-0000-0000-000000000000', 'a6fd30b2-e9f1-4c31-b238-96d28c835673', '{"action":"token_refreshed","actor_id":"28de976b-ec5d-4e63-934a-2ed9952f5cda","actor_username":"nikola273@hotmail.com","actor_via_sso":false,"log_type":"token"}', '2024-08-09 11:47:45.176948+00', ''),
	('00000000-0000-0000-0000-000000000000', '3b3b1e87-d092-401a-9b1d-d888e9ed4eb3', '{"action":"token_revoked","actor_id":"28de976b-ec5d-4e63-934a-2ed9952f5cda","actor_username":"nikola273@hotmail.com","actor_via_sso":false,"log_type":"token"}', '2024-08-09 11:47:45.183049+00', ''),
	('00000000-0000-0000-0000-000000000000', 'fb3d8f70-bc26-4c61-baee-ff03915b49ec', '{"action":"login","actor_id":"28de976b-ec5d-4e63-934a-2ed9952f5cda","actor_username":"nikola273@hotmail.com","actor_via_sso":false,"log_type":"account","traits":{"provider":"email"}}', '2024-08-09 12:11:48.75933+00', ''),
	('00000000-0000-0000-0000-000000000000', '11bebb89-3a4e-4206-8c9e-5ae397689e83', '{"action":"token_refreshed","actor_id":"28de976b-ec5d-4e63-934a-2ed9952f5cda","actor_username":"nikola273@hotmail.com","actor_via_sso":false,"log_type":"token"}', '2024-08-09 13:12:43.196231+00', ''),
	('00000000-0000-0000-0000-000000000000', '10cdf7aa-4c08-4823-89a4-f566ba0eb928', '{"action":"token_revoked","actor_id":"28de976b-ec5d-4e63-934a-2ed9952f5cda","actor_username":"nikola273@hotmail.com","actor_via_sso":false,"log_type":"token"}', '2024-08-09 13:12:43.197037+00', ''),
	('00000000-0000-0000-0000-000000000000', 'bb63194c-f16a-4e1a-b2ca-dcf05797c3c2', '{"action":"token_refreshed","actor_id":"28de976b-ec5d-4e63-934a-2ed9952f5cda","actor_username":"nikola273@hotmail.com","actor_via_sso":false,"log_type":"token"}', '2024-08-09 14:13:44.214267+00', ''),
	('00000000-0000-0000-0000-000000000000', 'e1f9366a-c9a3-44bb-8d4d-776c98167715', '{"action":"token_revoked","actor_id":"28de976b-ec5d-4e63-934a-2ed9952f5cda","actor_username":"nikola273@hotmail.com","actor_via_sso":false,"log_type":"token"}', '2024-08-09 14:13:44.215103+00', ''),
	('00000000-0000-0000-0000-000000000000', '41e8f063-777b-453f-a5d1-2fdb3be0554d', '{"action":"token_refreshed","actor_id":"28de976b-ec5d-4e63-934a-2ed9952f5cda","actor_username":"nikola273@hotmail.com","actor_via_sso":false,"log_type":"token"}', '2024-08-09 15:14:43.392665+00', ''),
	('00000000-0000-0000-0000-000000000000', '9439a66f-c8b9-4c4c-937f-d76fec7dfee6', '{"action":"token_revoked","actor_id":"28de976b-ec5d-4e63-934a-2ed9952f5cda","actor_username":"nikola273@hotmail.com","actor_via_sso":false,"log_type":"token"}', '2024-08-09 15:14:43.393484+00', ''),
	('00000000-0000-0000-0000-000000000000', '71539343-5571-468d-9e10-54738e923df9', '{"action":"token_refreshed","actor_id":"28de976b-ec5d-4e63-934a-2ed9952f5cda","actor_username":"nikola273@hotmail.com","actor_via_sso":false,"log_type":"token"}', '2024-08-09 16:15:34.241387+00', ''),
	('00000000-0000-0000-0000-000000000000', 'fff3f902-3088-48f0-b48b-9a9a3a57def2', '{"action":"token_revoked","actor_id":"28de976b-ec5d-4e63-934a-2ed9952f5cda","actor_username":"nikola273@hotmail.com","actor_via_sso":false,"log_type":"token"}', '2024-08-09 16:15:34.242223+00', ''),
	('00000000-0000-0000-0000-000000000000', 'f001f92c-010e-4bcd-b81e-9adc4e802a90', '{"action":"token_refreshed","actor_id":"28de976b-ec5d-4e63-934a-2ed9952f5cda","actor_username":"nikola273@hotmail.com","actor_via_sso":false,"log_type":"token"}', '2024-08-09 17:16:34.026976+00', ''),
	('00000000-0000-0000-0000-000000000000', '608219b2-2bc5-4ba3-9482-8eee1d8699f9', '{"action":"token_revoked","actor_id":"28de976b-ec5d-4e63-934a-2ed9952f5cda","actor_username":"nikola273@hotmail.com","actor_via_sso":false,"log_type":"token"}', '2024-08-09 17:16:34.027894+00', ''),
	('00000000-0000-0000-0000-000000000000', '6886d06e-49c1-48b1-b4e3-d9b192d4066d', '{"action":"token_refreshed","actor_id":"28de976b-ec5d-4e63-934a-2ed9952f5cda","actor_username":"nikola273@hotmail.com","actor_via_sso":false,"log_type":"token"}', '2024-08-09 18:17:34.260584+00', ''),
	('00000000-0000-0000-0000-000000000000', '817884e9-bf54-4585-9b9f-695ee0d2aa8a', '{"action":"token_revoked","actor_id":"28de976b-ec5d-4e63-934a-2ed9952f5cda","actor_username":"nikola273@hotmail.com","actor_via_sso":false,"log_type":"token"}', '2024-08-09 18:17:34.261413+00', ''),
	('00000000-0000-0000-0000-000000000000', 'd60755e7-5610-4ac2-9202-3ad6cb1f0ff0', '{"action":"token_refreshed","actor_id":"28de976b-ec5d-4e63-934a-2ed9952f5cda","actor_username":"nikola273@hotmail.com","actor_via_sso":false,"log_type":"token"}', '2024-08-09 19:18:34.482482+00', ''),
	('00000000-0000-0000-0000-000000000000', '73bd1444-2694-47c2-8904-e50613ea3ffa', '{"action":"token_revoked","actor_id":"28de976b-ec5d-4e63-934a-2ed9952f5cda","actor_username":"nikola273@hotmail.com","actor_via_sso":false,"log_type":"token"}', '2024-08-09 19:18:34.483334+00', ''),
	('00000000-0000-0000-0000-000000000000', 'a2cea83c-60ff-4d86-b2bd-add0a34881e7', '{"action":"login","actor_id":"28de976b-ec5d-4e63-934a-2ed9952f5cda","actor_username":"nikola273@hotmail.com","actor_via_sso":false,"log_type":"account","traits":{"provider":"email"}}', '2024-08-09 19:26:05.517527+00', ''),
	('00000000-0000-0000-0000-000000000000', '7a814ac4-019f-44cb-8ac1-3babced0cb26', '{"action":"token_refreshed","actor_id":"28de976b-ec5d-4e63-934a-2ed9952f5cda","actor_username":"nikola273@hotmail.com","actor_via_sso":false,"log_type":"token"}', '2024-08-09 20:26:34.30029+00', ''),
	('00000000-0000-0000-0000-000000000000', '84605209-8c63-43de-88e2-1f23c4cd2bb6', '{"action":"token_revoked","actor_id":"28de976b-ec5d-4e63-934a-2ed9952f5cda","actor_username":"nikola273@hotmail.com","actor_via_sso":false,"log_type":"token"}', '2024-08-09 20:26:34.301075+00', ''),
	('00000000-0000-0000-0000-000000000000', 'd4c40a33-8578-4af4-9e02-3ecc93610ede', '{"action":"token_refreshed","actor_id":"28de976b-ec5d-4e63-934a-2ed9952f5cda","actor_username":"nikola273@hotmail.com","actor_via_sso":false,"log_type":"token"}', '2024-08-09 21:27:34.324915+00', ''),
	('00000000-0000-0000-0000-000000000000', '792846d6-fb34-4754-8c49-465c7362dbb2', '{"action":"token_revoked","actor_id":"28de976b-ec5d-4e63-934a-2ed9952f5cda","actor_username":"nikola273@hotmail.com","actor_via_sso":false,"log_type":"token"}', '2024-08-09 21:27:34.325783+00', ''),
	('00000000-0000-0000-0000-000000000000', 'fad3673e-9f0c-4bd3-93c7-347f21c52930', '{"action":"token_refreshed","actor_id":"28de976b-ec5d-4e63-934a-2ed9952f5cda","actor_username":"nikola273@hotmail.com","actor_via_sso":false,"log_type":"token"}', '2024-08-09 22:28:34.519949+00', ''),
	('00000000-0000-0000-0000-000000000000', '61a41b60-d645-420d-9739-07ce89910858', '{"action":"token_revoked","actor_id":"28de976b-ec5d-4e63-934a-2ed9952f5cda","actor_username":"nikola273@hotmail.com","actor_via_sso":false,"log_type":"token"}', '2024-08-09 22:28:34.520771+00', ''),
	('00000000-0000-0000-0000-000000000000', '49f6c3cb-386c-44b4-926a-705436d245e0', '{"action":"token_refreshed","actor_id":"28de976b-ec5d-4e63-934a-2ed9952f5cda","actor_username":"nikola273@hotmail.com","actor_via_sso":false,"log_type":"token"}', '2024-08-09 23:38:39.996781+00', ''),
	('00000000-0000-0000-0000-000000000000', 'c901abd2-8b59-47f6-a25c-03fade66b106', '{"action":"token_revoked","actor_id":"28de976b-ec5d-4e63-934a-2ed9952f5cda","actor_username":"nikola273@hotmail.com","actor_via_sso":false,"log_type":"token"}', '2024-08-09 23:38:39.997632+00', ''),
	('00000000-0000-0000-0000-000000000000', '55d80e85-0d3a-4f94-9966-c6adbb719b13', '{"action":"token_refreshed","actor_id":"28de976b-ec5d-4e63-934a-2ed9952f5cda","actor_username":"nikola273@hotmail.com","actor_via_sso":false,"log_type":"token"}', '2024-08-10 00:55:07.418092+00', ''),
	('00000000-0000-0000-0000-000000000000', '88fbeba3-01db-4f3e-a9f4-889bda963ad5', '{"action":"token_revoked","actor_id":"28de976b-ec5d-4e63-934a-2ed9952f5cda","actor_username":"nikola273@hotmail.com","actor_via_sso":false,"log_type":"token"}', '2024-08-10 00:55:07.418912+00', ''),
	('00000000-0000-0000-0000-000000000000', 'add097bb-a2ae-4369-a92c-ebf6073efc8c', '{"action":"token_refreshed","actor_id":"28de976b-ec5d-4e63-934a-2ed9952f5cda","actor_username":"nikola273@hotmail.com","actor_via_sso":false,"log_type":"token"}', '2024-08-10 01:55:39.95707+00', ''),
	('00000000-0000-0000-0000-000000000000', '90dff536-3da1-417e-8b34-732612c66685', '{"action":"token_revoked","actor_id":"28de976b-ec5d-4e63-934a-2ed9952f5cda","actor_username":"nikola273@hotmail.com","actor_via_sso":false,"log_type":"token"}', '2024-08-10 01:55:39.957999+00', ''),
	('00000000-0000-0000-0000-000000000000', '372accff-e737-47b8-8e21-78b9a07f269a', '{"action":"token_refreshed","actor_id":"28de976b-ec5d-4e63-934a-2ed9952f5cda","actor_username":"nikola273@hotmail.com","actor_via_sso":false,"log_type":"token"}', '2024-08-10 03:12:23.282918+00', ''),
	('00000000-0000-0000-0000-000000000000', 'add15838-eb16-4072-8cb5-070b95616118', '{"action":"token_revoked","actor_id":"28de976b-ec5d-4e63-934a-2ed9952f5cda","actor_username":"nikola273@hotmail.com","actor_via_sso":false,"log_type":"token"}', '2024-08-10 03:12:23.283823+00', ''),
	('00000000-0000-0000-0000-000000000000', '60daff97-a9a7-4eae-a9f8-44c7830e0a1f', '{"action":"token_refreshed","actor_id":"28de976b-ec5d-4e63-934a-2ed9952f5cda","actor_username":"nikola273@hotmail.com","actor_via_sso":false,"log_type":"token"}', '2024-08-10 04:24:43.395771+00', ''),
	('00000000-0000-0000-0000-000000000000', '06ed4d40-16ab-4d08-a2fb-39f491944cab', '{"action":"token_revoked","actor_id":"28de976b-ec5d-4e63-934a-2ed9952f5cda","actor_username":"nikola273@hotmail.com","actor_via_sso":false,"log_type":"token"}', '2024-08-10 04:24:43.396657+00', ''),
	('00000000-0000-0000-0000-000000000000', '4ea5489f-8797-4566-9223-fc59233ad513', '{"action":"token_refreshed","actor_id":"28de976b-ec5d-4e63-934a-2ed9952f5cda","actor_username":"nikola273@hotmail.com","actor_via_sso":false,"log_type":"token"}', '2024-08-10 05:28:41.238528+00', ''),
	('00000000-0000-0000-0000-000000000000', 'e31e879c-24e2-41b2-b0a6-b2ef04c82aaf', '{"action":"token_revoked","actor_id":"28de976b-ec5d-4e63-934a-2ed9952f5cda","actor_username":"nikola273@hotmail.com","actor_via_sso":false,"log_type":"token"}', '2024-08-10 05:28:41.239346+00', ''),
	('00000000-0000-0000-0000-000000000000', '6a3b56a7-c222-4a7b-bbc6-75ed43ae7590', '{"action":"token_refreshed","actor_id":"28de976b-ec5d-4e63-934a-2ed9952f5cda","actor_username":"nikola273@hotmail.com","actor_via_sso":false,"log_type":"token"}', '2024-08-10 06:33:39.956795+00', ''),
	('00000000-0000-0000-0000-000000000000', '5fc829b2-47f6-4768-86d4-01bd12b1abd8', '{"action":"token_revoked","actor_id":"28de976b-ec5d-4e63-934a-2ed9952f5cda","actor_username":"nikola273@hotmail.com","actor_via_sso":false,"log_type":"token"}', '2024-08-10 06:33:39.957597+00', ''),
	('00000000-0000-0000-0000-000000000000', '3de2bd59-4986-41b5-8932-437e5ec3e2e0', '{"action":"token_refreshed","actor_id":"28de976b-ec5d-4e63-934a-2ed9952f5cda","actor_username":"nikola273@hotmail.com","actor_via_sso":false,"log_type":"token"}', '2024-08-10 07:49:35.762494+00', ''),
	('00000000-0000-0000-0000-000000000000', '81bfc619-2c1d-410b-a0b7-d72086ca6fc2', '{"action":"token_revoked","actor_id":"28de976b-ec5d-4e63-934a-2ed9952f5cda","actor_username":"nikola273@hotmail.com","actor_via_sso":false,"log_type":"token"}', '2024-08-10 07:49:35.769767+00', ''),
	('00000000-0000-0000-0000-000000000000', '3f8abc88-4628-4c79-bfae-e657d30dbebc', '{"action":"token_refreshed","actor_id":"28de976b-ec5d-4e63-934a-2ed9952f5cda","actor_username":"nikola273@hotmail.com","actor_via_sso":false,"log_type":"token"}', '2024-08-10 08:54:59.727662+00', ''),
	('00000000-0000-0000-0000-000000000000', '5a02f00e-155f-47da-b1a1-99a9a5cf47ae', '{"action":"token_revoked","actor_id":"28de976b-ec5d-4e63-934a-2ed9952f5cda","actor_username":"nikola273@hotmail.com","actor_via_sso":false,"log_type":"token"}', '2024-08-10 08:54:59.729318+00', ''),
	('00000000-0000-0000-0000-000000000000', '078adef9-2844-4c39-867c-36ea39da3703', '{"action":"token_refreshed","actor_id":"28de976b-ec5d-4e63-934a-2ed9952f5cda","actor_username":"nikola273@hotmail.com","actor_via_sso":false,"log_type":"token"}', '2024-08-10 09:56:29.077386+00', ''),
	('00000000-0000-0000-0000-000000000000', '92d319b1-79ed-4f89-b10c-4f7b5528c4a8', '{"action":"token_revoked","actor_id":"28de976b-ec5d-4e63-934a-2ed9952f5cda","actor_username":"nikola273@hotmail.com","actor_via_sso":false,"log_type":"token"}', '2024-08-10 09:56:29.079338+00', ''),
	('00000000-0000-0000-0000-000000000000', '2d5600eb-1d6c-4fa6-906f-88961e83b78a', '{"action":"token_refreshed","actor_id":"28de976b-ec5d-4e63-934a-2ed9952f5cda","actor_username":"nikola273@hotmail.com","actor_via_sso":false,"log_type":"token"}', '2024-08-10 10:57:28.707314+00', ''),
	('00000000-0000-0000-0000-000000000000', '3e45ff60-37ee-4bca-9a8c-0e537d235c61', '{"action":"token_revoked","actor_id":"28de976b-ec5d-4e63-934a-2ed9952f5cda","actor_username":"nikola273@hotmail.com","actor_via_sso":false,"log_type":"token"}', '2024-08-10 10:57:28.70909+00', ''),
	('00000000-0000-0000-0000-000000000000', 'b8dc6699-d02a-4102-8d78-59b7f1f372db', '{"action":"token_refreshed","actor_id":"28de976b-ec5d-4e63-934a-2ed9952f5cda","actor_username":"nikola273@hotmail.com","actor_via_sso":false,"log_type":"token"}', '2024-08-10 11:57:46.761271+00', ''),
	('00000000-0000-0000-0000-000000000000', '654887bf-c771-42e6-a242-bb1090aaba44', '{"action":"token_revoked","actor_id":"28de976b-ec5d-4e63-934a-2ed9952f5cda","actor_username":"nikola273@hotmail.com","actor_via_sso":false,"log_type":"token"}', '2024-08-10 11:57:46.762942+00', ''),
	('00000000-0000-0000-0000-000000000000', '7f566397-1ccc-4c41-b166-be2831ffddd8', '{"action":"token_refreshed","actor_id":"28de976b-ec5d-4e63-934a-2ed9952f5cda","actor_username":"nikola273@hotmail.com","actor_via_sso":false,"log_type":"token"}', '2024-08-10 12:57:58.508545+00', ''),
	('00000000-0000-0000-0000-000000000000', 'd2534497-f541-4347-8127-e19a35306793', '{"action":"token_revoked","actor_id":"28de976b-ec5d-4e63-934a-2ed9952f5cda","actor_username":"nikola273@hotmail.com","actor_via_sso":false,"log_type":"token"}', '2024-08-10 12:57:58.511215+00', ''),
	('00000000-0000-0000-0000-000000000000', '3c1b1b6a-ba4f-462d-8122-bf738e099e26', '{"action":"token_refreshed","actor_id":"28de976b-ec5d-4e63-934a-2ed9952f5cda","actor_username":"nikola273@hotmail.com","actor_via_sso":false,"log_type":"token"}', '2024-08-10 13:58:22.749889+00', ''),
	('00000000-0000-0000-0000-000000000000', '4b72086b-94aa-49e5-b3ce-1618aee2f3e4', '{"action":"token_revoked","actor_id":"28de976b-ec5d-4e63-934a-2ed9952f5cda","actor_username":"nikola273@hotmail.com","actor_via_sso":false,"log_type":"token"}', '2024-08-10 13:58:22.755416+00', ''),
	('00000000-0000-0000-0000-000000000000', '2448f394-2f08-4dae-be52-80fd3619fda9', '{"action":"token_refreshed","actor_id":"28de976b-ec5d-4e63-934a-2ed9952f5cda","actor_username":"nikola273@hotmail.com","actor_via_sso":false,"log_type":"token"}', '2024-08-10 16:04:52.917861+00', ''),
	('00000000-0000-0000-0000-000000000000', 'd17e5b1a-b2d6-41cf-bb56-30519b678044', '{"action":"token_revoked","actor_id":"28de976b-ec5d-4e63-934a-2ed9952f5cda","actor_username":"nikola273@hotmail.com","actor_via_sso":false,"log_type":"token"}', '2024-08-10 16:04:52.920154+00', ''),
	('00000000-0000-0000-0000-000000000000', 'ec4ed88d-15a8-4dcf-9671-763ef63c5144', '{"action":"token_refreshed","actor_id":"28de976b-ec5d-4e63-934a-2ed9952f5cda","actor_username":"nikola273@hotmail.com","actor_via_sso":false,"log_type":"token"}', '2024-08-10 17:05:47.672432+00', ''),
	('00000000-0000-0000-0000-000000000000', '65d9e6ed-da2e-45e9-bd63-cbbb01a53186', '{"action":"token_revoked","actor_id":"28de976b-ec5d-4e63-934a-2ed9952f5cda","actor_username":"nikola273@hotmail.com","actor_via_sso":false,"log_type":"token"}', '2024-08-10 17:05:47.674569+00', ''),
	('00000000-0000-0000-0000-000000000000', '0c0a6de4-8e23-407e-bfa7-15681497391a', '{"action":"token_refreshed","actor_id":"28de976b-ec5d-4e63-934a-2ed9952f5cda","actor_username":"nikola273@hotmail.com","actor_via_sso":false,"log_type":"token"}', '2024-08-10 18:05:47.830959+00', ''),
	('00000000-0000-0000-0000-000000000000', '72434e34-fd11-4ada-bfa0-a167c525df26', '{"action":"token_revoked","actor_id":"28de976b-ec5d-4e63-934a-2ed9952f5cda","actor_username":"nikola273@hotmail.com","actor_via_sso":false,"log_type":"token"}', '2024-08-10 18:05:47.833862+00', ''),
	('00000000-0000-0000-0000-000000000000', 'a701fb5d-2d67-495f-8c34-38ccd458c9b1', '{"action":"token_refreshed","actor_id":"28de976b-ec5d-4e63-934a-2ed9952f5cda","actor_username":"nikola273@hotmail.com","actor_via_sso":false,"log_type":"token"}', '2024-08-10 19:06:33.1757+00', ''),
	('00000000-0000-0000-0000-000000000000', '551e98a7-86c2-4d9c-969c-85f158208d60', '{"action":"token_revoked","actor_id":"28de976b-ec5d-4e63-934a-2ed9952f5cda","actor_username":"nikola273@hotmail.com","actor_via_sso":false,"log_type":"token"}', '2024-08-10 19:06:33.178096+00', ''),
	('00000000-0000-0000-0000-000000000000', 'e299b002-b2f7-4c4d-8f82-ef76e08d980e', '{"action":"token_refreshed","actor_id":"28de976b-ec5d-4e63-934a-2ed9952f5cda","actor_username":"nikola273@hotmail.com","actor_via_sso":false,"log_type":"token"}', '2024-08-10 20:06:42.705739+00', ''),
	('00000000-0000-0000-0000-000000000000', 'e648a21b-d0da-4e45-967e-891abd5bb654', '{"action":"token_revoked","actor_id":"28de976b-ec5d-4e63-934a-2ed9952f5cda","actor_username":"nikola273@hotmail.com","actor_via_sso":false,"log_type":"token"}', '2024-08-10 20:06:42.706568+00', ''),
	('00000000-0000-0000-0000-000000000000', '1a5f4251-a982-4553-9f55-d217eb4363bf', '{"action":"token_refreshed","actor_id":"28de976b-ec5d-4e63-934a-2ed9952f5cda","actor_username":"nikola273@hotmail.com","actor_via_sso":false,"log_type":"token"}', '2024-08-10 21:07:41.037857+00', ''),
	('00000000-0000-0000-0000-000000000000', '4474ac02-c89f-4051-a311-e262795469d2', '{"action":"token_revoked","actor_id":"28de976b-ec5d-4e63-934a-2ed9952f5cda","actor_username":"nikola273@hotmail.com","actor_via_sso":false,"log_type":"token"}', '2024-08-10 21:07:41.040288+00', ''),
	('00000000-0000-0000-0000-000000000000', '15f89bb0-326a-4a86-8a1f-338feb72511f', '{"action":"token_refreshed","actor_id":"28de976b-ec5d-4e63-934a-2ed9952f5cda","actor_username":"nikola273@hotmail.com","actor_via_sso":false,"log_type":"token"}', '2024-08-10 22:07:56.839494+00', ''),
	('00000000-0000-0000-0000-000000000000', '54f7d54e-2daa-4b6c-958e-051825208572', '{"action":"token_revoked","actor_id":"28de976b-ec5d-4e63-934a-2ed9952f5cda","actor_username":"nikola273@hotmail.com","actor_via_sso":false,"log_type":"token"}', '2024-08-10 22:07:56.841254+00', ''),
	('00000000-0000-0000-0000-000000000000', '1725807f-be07-4dd4-b35f-1a3f7ce50f2c', '{"action":"token_refreshed","actor_id":"28de976b-ec5d-4e63-934a-2ed9952f5cda","actor_username":"nikola273@hotmail.com","actor_via_sso":false,"log_type":"token"}', '2024-08-10 23:08:56.007698+00', ''),
	('00000000-0000-0000-0000-000000000000', 'ef722c23-3e35-4435-b69e-43b8d8751acd', '{"action":"token_revoked","actor_id":"28de976b-ec5d-4e63-934a-2ed9952f5cda","actor_username":"nikola273@hotmail.com","actor_via_sso":false,"log_type":"token"}', '2024-08-10 23:08:56.00923+00', ''),
	('00000000-0000-0000-0000-000000000000', 'c1852e5e-d289-4c02-a0d0-76e599ac6601', '{"action":"token_refreshed","actor_id":"28de976b-ec5d-4e63-934a-2ed9952f5cda","actor_username":"nikola273@hotmail.com","actor_via_sso":false,"log_type":"token"}', '2024-08-11 01:30:14.024707+00', ''),
	('00000000-0000-0000-0000-000000000000', '6b1bc73e-1aea-4320-94f4-e4b8210e5b5e', '{"action":"token_revoked","actor_id":"28de976b-ec5d-4e63-934a-2ed9952f5cda","actor_username":"nikola273@hotmail.com","actor_via_sso":false,"log_type":"token"}', '2024-08-11 01:30:14.026849+00', ''),
	('00000000-0000-0000-0000-000000000000', 'c4a20f3a-daa9-41bf-ad04-12dfaaeff22b', '{"action":"token_refreshed","actor_id":"28de976b-ec5d-4e63-934a-2ed9952f5cda","actor_username":"nikola273@hotmail.com","actor_via_sso":false,"log_type":"token"}', '2024-08-11 05:28:02.881803+00', ''),
	('00000000-0000-0000-0000-000000000000', 'feea1851-7c78-4239-b32d-3690df4128cd', '{"action":"token_revoked","actor_id":"28de976b-ec5d-4e63-934a-2ed9952f5cda","actor_username":"nikola273@hotmail.com","actor_via_sso":false,"log_type":"token"}', '2024-08-11 05:28:02.890888+00', ''),
	('00000000-0000-0000-0000-000000000000', '061cbae7-6185-414f-97d9-470384282e86', '{"action":"token_refreshed","actor_id":"28de976b-ec5d-4e63-934a-2ed9952f5cda","actor_username":"nikola273@hotmail.com","actor_via_sso":false,"log_type":"token"}', '2024-08-11 08:41:44.054516+00', ''),
	('00000000-0000-0000-0000-000000000000', '8453fb48-1c8a-4f5c-8747-b82f79bcdfc6', '{"action":"token_revoked","actor_id":"28de976b-ec5d-4e63-934a-2ed9952f5cda","actor_username":"nikola273@hotmail.com","actor_via_sso":false,"log_type":"token"}', '2024-08-11 08:41:44.057257+00', ''),
	('00000000-0000-0000-0000-000000000000', 'b2dbbc34-4bdb-473a-b8bf-9b3bffe2602b', '{"action":"token_refreshed","actor_id":"28de976b-ec5d-4e63-934a-2ed9952f5cda","actor_username":"nikola273@hotmail.com","actor_via_sso":false,"log_type":"token"}', '2024-08-11 10:32:30.075271+00', ''),
	('00000000-0000-0000-0000-000000000000', '3f0cebf4-554f-4335-8f23-58e52c348140', '{"action":"token_revoked","actor_id":"28de976b-ec5d-4e63-934a-2ed9952f5cda","actor_username":"nikola273@hotmail.com","actor_via_sso":false,"log_type":"token"}', '2024-08-11 10:32:30.077066+00', ''),
	('00000000-0000-0000-0000-000000000000', 'f85afdb9-7f70-4cdc-9c43-cb250341415e', '{"action":"token_refreshed","actor_id":"28de976b-ec5d-4e63-934a-2ed9952f5cda","actor_username":"nikola273@hotmail.com","actor_via_sso":false,"log_type":"token"}', '2024-08-11 12:00:09.53163+00', ''),
	('00000000-0000-0000-0000-000000000000', 'ff208507-0744-4530-a82e-bdef6356a5f8', '{"action":"token_revoked","actor_id":"28de976b-ec5d-4e63-934a-2ed9952f5cda","actor_username":"nikola273@hotmail.com","actor_via_sso":false,"log_type":"token"}', '2024-08-11 12:00:09.533301+00', ''),
	('00000000-0000-0000-0000-000000000000', '1039dda9-38a6-4671-9a0d-d82786c60c92', '{"action":"token_refreshed","actor_id":"28de976b-ec5d-4e63-934a-2ed9952f5cda","actor_username":"nikola273@hotmail.com","actor_via_sso":false,"log_type":"token"}', '2024-08-11 13:01:08.09805+00', ''),
	('00000000-0000-0000-0000-000000000000', '8d77981e-b4d6-49bc-96da-419983ff192c', '{"action":"token_revoked","actor_id":"28de976b-ec5d-4e63-934a-2ed9952f5cda","actor_username":"nikola273@hotmail.com","actor_via_sso":false,"log_type":"token"}', '2024-08-11 13:01:08.099606+00', ''),
	('00000000-0000-0000-0000-000000000000', 'c72bc36f-8972-4cac-b295-b95c4157507e', '{"action":"token_refreshed","actor_id":"28de976b-ec5d-4e63-934a-2ed9952f5cda","actor_username":"nikola273@hotmail.com","actor_via_sso":false,"log_type":"token"}', '2024-08-11 14:02:07.764988+00', ''),
	('00000000-0000-0000-0000-000000000000', 'ed924b76-0929-4828-908f-361524aac938', '{"action":"token_revoked","actor_id":"28de976b-ec5d-4e63-934a-2ed9952f5cda","actor_username":"nikola273@hotmail.com","actor_via_sso":false,"log_type":"token"}', '2024-08-11 14:02:07.766546+00', ''),
	('00000000-0000-0000-0000-000000000000', '49c9112d-a16b-41f3-bb78-d19381256ccd', '{"action":"token_refreshed","actor_id":"28de976b-ec5d-4e63-934a-2ed9952f5cda","actor_username":"nikola273@hotmail.com","actor_via_sso":false,"log_type":"token"}', '2024-08-11 15:02:30.643879+00', ''),
	('00000000-0000-0000-0000-000000000000', '0a65a7c9-392f-4f5a-9f38-f424d1f93a23', '{"action":"token_revoked","actor_id":"28de976b-ec5d-4e63-934a-2ed9952f5cda","actor_username":"nikola273@hotmail.com","actor_via_sso":false,"log_type":"token"}', '2024-08-11 15:02:30.645603+00', ''),
	('00000000-0000-0000-0000-000000000000', '8bd51734-0d88-4d1f-ac31-3f1bbce9ab88', '{"action":"token_refreshed","actor_id":"28de976b-ec5d-4e63-934a-2ed9952f5cda","actor_username":"nikola273@hotmail.com","actor_via_sso":false,"log_type":"token"}', '2024-08-11 16:03:30.60276+00', ''),
	('00000000-0000-0000-0000-000000000000', 'd4940b2b-6ebf-4b4a-bd5b-54ebc7912cb1', '{"action":"token_revoked","actor_id":"28de976b-ec5d-4e63-934a-2ed9952f5cda","actor_username":"nikola273@hotmail.com","actor_via_sso":false,"log_type":"token"}', '2024-08-11 16:03:30.604265+00', ''),
	('00000000-0000-0000-0000-000000000000', '8d95af4c-df3d-4900-94a3-b0207c9a4979', '{"action":"token_refreshed","actor_id":"28de976b-ec5d-4e63-934a-2ed9952f5cda","actor_username":"nikola273@hotmail.com","actor_via_sso":false,"log_type":"token"}', '2024-08-11 17:03:31.05506+00', ''),
	('00000000-0000-0000-0000-000000000000', '8667b051-9c6a-4d77-b4fd-a4bf261714a1', '{"action":"token_revoked","actor_id":"28de976b-ec5d-4e63-934a-2ed9952f5cda","actor_username":"nikola273@hotmail.com","actor_via_sso":false,"log_type":"token"}', '2024-08-11 17:03:31.058724+00', ''),
	('00000000-0000-0000-0000-000000000000', 'e7d13e2a-7327-491e-b7aa-b7379b292996', '{"action":"token_refreshed","actor_id":"28de976b-ec5d-4e63-934a-2ed9952f5cda","actor_username":"nikola273@hotmail.com","actor_via_sso":false,"log_type":"token"}', '2024-08-11 18:04:30.648843+00', ''),
	('00000000-0000-0000-0000-000000000000', 'eaeba4ec-4242-49f8-b9b6-4d01770e92e4', '{"action":"token_revoked","actor_id":"28de976b-ec5d-4e63-934a-2ed9952f5cda","actor_username":"nikola273@hotmail.com","actor_via_sso":false,"log_type":"token"}', '2024-08-11 18:04:30.651697+00', ''),
	('00000000-0000-0000-0000-000000000000', 'e7a9f886-5287-442c-88af-e1fb41412566', '{"action":"token_refreshed","actor_id":"28de976b-ec5d-4e63-934a-2ed9952f5cda","actor_username":"nikola273@hotmail.com","actor_via_sso":false,"log_type":"token"}', '2024-08-11 19:05:04.673456+00', ''),
	('00000000-0000-0000-0000-000000000000', '9b099a6a-e6fa-41f1-828b-d7b11634102c', '{"action":"token_revoked","actor_id":"28de976b-ec5d-4e63-934a-2ed9952f5cda","actor_username":"nikola273@hotmail.com","actor_via_sso":false,"log_type":"token"}', '2024-08-11 19:05:04.676679+00', ''),
	('00000000-0000-0000-0000-000000000000', '154254d4-c2a9-4ea6-a20f-41f16a663d49', '{"action":"token_refreshed","actor_id":"28de976b-ec5d-4e63-934a-2ed9952f5cda","actor_username":"nikola273@hotmail.com","actor_via_sso":false,"log_type":"token"}', '2024-08-11 20:05:04.925356+00', ''),
	('00000000-0000-0000-0000-000000000000', '41c63bd5-5cf1-4c44-833e-c164f06ebca6', '{"action":"token_revoked","actor_id":"28de976b-ec5d-4e63-934a-2ed9952f5cda","actor_username":"nikola273@hotmail.com","actor_via_sso":false,"log_type":"token"}', '2024-08-11 20:05:04.927217+00', ''),
	('00000000-0000-0000-0000-000000000000', 'cd1b9b61-d63a-4615-b611-011fc22a31d7', '{"action":"token_refreshed","actor_id":"28de976b-ec5d-4e63-934a-2ed9952f5cda","actor_username":"nikola273@hotmail.com","actor_via_sso":false,"log_type":"token"}', '2024-08-11 21:05:44.966858+00', ''),
	('00000000-0000-0000-0000-000000000000', 'bb8d0055-0d92-45f2-8afa-a686e58f2e39', '{"action":"token_revoked","actor_id":"28de976b-ec5d-4e63-934a-2ed9952f5cda","actor_username":"nikola273@hotmail.com","actor_via_sso":false,"log_type":"token"}', '2024-08-11 21:05:44.968544+00', ''),
	('00000000-0000-0000-0000-000000000000', '28fb5d16-45bb-4639-a280-f08612963105', '{"action":"token_refreshed","actor_id":"28de976b-ec5d-4e63-934a-2ed9952f5cda","actor_username":"nikola273@hotmail.com","actor_via_sso":false,"log_type":"token"}', '2024-08-11 22:17:25.310714+00', ''),
	('00000000-0000-0000-0000-000000000000', 'b5ee14ff-f52b-45a1-ba29-2aebfb853761', '{"action":"token_revoked","actor_id":"28de976b-ec5d-4e63-934a-2ed9952f5cda","actor_username":"nikola273@hotmail.com","actor_via_sso":false,"log_type":"token"}', '2024-08-11 22:17:25.312287+00', ''),
	('00000000-0000-0000-0000-000000000000', 'ae478e8e-883e-4054-8402-5498f2964930', '{"action":"token_refreshed","actor_id":"28de976b-ec5d-4e63-934a-2ed9952f5cda","actor_username":"nikola273@hotmail.com","actor_via_sso":false,"log_type":"token"}', '2024-08-11 23:18:45.14176+00', ''),
	('00000000-0000-0000-0000-000000000000', 'c18a8ef9-8892-400b-bbdb-d54a691866ed', '{"action":"token_revoked","actor_id":"28de976b-ec5d-4e63-934a-2ed9952f5cda","actor_username":"nikola273@hotmail.com","actor_via_sso":false,"log_type":"token"}', '2024-08-11 23:18:45.143243+00', ''),
	('00000000-0000-0000-0000-000000000000', '6e4c7665-4486-45b1-9b3d-e16cb7dabbc4', '{"action":"token_refreshed","actor_id":"28de976b-ec5d-4e63-934a-2ed9952f5cda","actor_username":"nikola273@hotmail.com","actor_via_sso":false,"log_type":"token"}', '2024-08-12 00:19:45.05055+00', ''),
	('00000000-0000-0000-0000-000000000000', '0be694d8-00e5-40e3-94d5-9a7b53752872', '{"action":"token_revoked","actor_id":"28de976b-ec5d-4e63-934a-2ed9952f5cda","actor_username":"nikola273@hotmail.com","actor_via_sso":false,"log_type":"token"}', '2024-08-12 00:19:45.052598+00', ''),
	('00000000-0000-0000-0000-000000000000', '29afdf22-9c9a-4f7c-ad2c-c01bbef499a0', '{"action":"token_refreshed","actor_id":"28de976b-ec5d-4e63-934a-2ed9952f5cda","actor_username":"nikola273@hotmail.com","actor_via_sso":false,"log_type":"token"}', '2024-08-12 01:20:03.774567+00', ''),
	('00000000-0000-0000-0000-000000000000', '2cef030c-dfa7-4812-b0a6-5bf56bb4ac97', '{"action":"token_revoked","actor_id":"28de976b-ec5d-4e63-934a-2ed9952f5cda","actor_username":"nikola273@hotmail.com","actor_via_sso":false,"log_type":"token"}', '2024-08-12 01:20:03.777574+00', ''),
	('00000000-0000-0000-0000-000000000000', '6c53fc80-1682-49dd-b1e3-fcfcfccddf89', '{"action":"token_refreshed","actor_id":"28de976b-ec5d-4e63-934a-2ed9952f5cda","actor_username":"nikola273@hotmail.com","actor_via_sso":false,"log_type":"token"}', '2024-08-12 02:35:42.442775+00', ''),
	('00000000-0000-0000-0000-000000000000', 'd35f6e0c-bfb9-40f7-9fbe-9a3d98fdb7cf', '{"action":"token_revoked","actor_id":"28de976b-ec5d-4e63-934a-2ed9952f5cda","actor_username":"nikola273@hotmail.com","actor_via_sso":false,"log_type":"token"}', '2024-08-12 02:35:42.4449+00', ''),
	('00000000-0000-0000-0000-000000000000', 'a22165c7-d965-4483-ae13-3baaed06d198', '{"action":"token_refreshed","actor_id":"28de976b-ec5d-4e63-934a-2ed9952f5cda","actor_username":"nikola273@hotmail.com","actor_via_sso":false,"log_type":"token"}', '2024-08-12 03:47:37.160765+00', ''),
	('00000000-0000-0000-0000-000000000000', 'ad608c50-6caa-4df7-90b9-4574252be28e', '{"action":"token_revoked","actor_id":"28de976b-ec5d-4e63-934a-2ed9952f5cda","actor_username":"nikola273@hotmail.com","actor_via_sso":false,"log_type":"token"}', '2024-08-12 03:47:37.165484+00', ''),
	('00000000-0000-0000-0000-000000000000', '801e40f0-5eee-49f5-8e0f-5e0dd6b48f38', '{"action":"token_refreshed","actor_id":"28de976b-ec5d-4e63-934a-2ed9952f5cda","actor_username":"nikola273@hotmail.com","actor_via_sso":false,"log_type":"token"}', '2024-08-12 04:59:30.137492+00', ''),
	('00000000-0000-0000-0000-000000000000', 'f24a2a93-643b-4328-b3ca-3ee3f4414dd7', '{"action":"token_revoked","actor_id":"28de976b-ec5d-4e63-934a-2ed9952f5cda","actor_username":"nikola273@hotmail.com","actor_via_sso":false,"log_type":"token"}', '2024-08-12 04:59:30.140541+00', ''),
	('00000000-0000-0000-0000-000000000000', 'd65d0097-760f-4ad6-97f3-c6715dd0ff61', '{"action":"token_refreshed","actor_id":"28de976b-ec5d-4e63-934a-2ed9952f5cda","actor_username":"nikola273@hotmail.com","actor_via_sso":false,"log_type":"token"}', '2024-08-12 06:11:20.11111+00', ''),
	('00000000-0000-0000-0000-000000000000', 'a7e77ef4-02ec-454d-904a-35491d71bb03', '{"action":"token_revoked","actor_id":"28de976b-ec5d-4e63-934a-2ed9952f5cda","actor_username":"nikola273@hotmail.com","actor_via_sso":false,"log_type":"token"}', '2024-08-12 06:11:20.11298+00', ''),
	('00000000-0000-0000-0000-000000000000', '99aebb11-7940-4f46-a8e9-e422b4c26fdc', '{"action":"token_refreshed","actor_id":"28de976b-ec5d-4e63-934a-2ed9952f5cda","actor_username":"nikola273@hotmail.com","actor_via_sso":false,"log_type":"token"}', '2024-08-12 06:11:20.482382+00', ''),
	('00000000-0000-0000-0000-000000000000', '6944ec01-d506-4940-b7b5-3141f1903e08', '{"action":"token_refreshed","actor_id":"28de976b-ec5d-4e63-934a-2ed9952f5cda","actor_username":"nikola273@hotmail.com","actor_via_sso":false,"log_type":"token"}', '2024-08-12 07:12:10.641198+00', ''),
	('00000000-0000-0000-0000-000000000000', '6b9609d5-a9d2-4350-bde3-a22b4095579b', '{"action":"token_revoked","actor_id":"28de976b-ec5d-4e63-934a-2ed9952f5cda","actor_username":"nikola273@hotmail.com","actor_via_sso":false,"log_type":"token"}', '2024-08-12 07:12:10.645381+00', '');


--
-- Data for Name: flow_state; Type: TABLE DATA; Schema: auth; Owner: supabase_auth_admin
--



--
-- Data for Name: users; Type: TABLE DATA; Schema: auth; Owner: supabase_auth_admin
--

INSERT INTO "auth"."users" ("instance_id", "id", "aud", "role", "email", "encrypted_password", "email_confirmed_at", "invited_at", "confirmation_token", "confirmation_sent_at", "recovery_token", "recovery_sent_at", "email_change_token_new", "email_change", "email_change_sent_at", "last_sign_in_at", "raw_app_meta_data", "raw_user_meta_data", "is_super_admin", "created_at", "updated_at", "phone", "phone_confirmed_at", "phone_change", "phone_change_token", "phone_change_sent_at", "email_change_token_current", "email_change_confirm_status", "banned_until", "reauthentication_token", "reauthentication_sent_at", "is_sso_user", "deleted_at", "is_anonymous") VALUES
	('00000000-0000-0000-0000-000000000000', '91016e59-38b7-4055-976c-a8a91c7976e1', 'authenticated', 'authenticated', 'nikola.sucevic@radioqubits.com', '$2a$10$BiTadnIg3GqZx5GmVQBJH.o4F7r74yJKakeM2t7FYAEcOYjFiw9hm', '2024-08-05 21:07:10.6422+00', NULL, '', '2024-08-05 21:06:54.245431+00', '', NULL, '', '', NULL, '2024-08-07 20:39:10.872795+00', '{"provider": "email", "providers": ["email"]}', '{"sub": "91016e59-38b7-4055-976c-a8a91c7976e1", "name": "Radio Qubits", "type": "customer", "email": "nikola.sucevic@radioqubits.com", "phone": "0643566373", "preferences": {"language": "sv", "notifications": true}, "specialties": [], "email_verified": false, "phone_verified": false}', NULL, '2024-08-05 21:06:54.232201+00', '2024-08-07 20:39:10.877671+00', NULL, NULL, '', '', NULL, '', 0, NULL, '', NULL, false, NULL, false),
	('00000000-0000-0000-0000-000000000000', '13c5aeb5-8a86-409c-8aab-987c80775445', 'authenticated', 'authenticated', 'nikola.sucevic@kinnic.com', '$2a$10$9rmlOctJ1DPXx8dgqTDA4eRq9ELmhESJPl87.CBnpjpvfaaDGr0nG', '2024-08-04 20:17:29.252359+00', NULL, '', '2024-08-04 20:16:56.401837+00', '', NULL, '', '', NULL, '2024-08-07 20:38:29.003885+00', '{"provider": "email", "providers": ["email"]}', '{"sub": "13c5aeb5-8a86-409c-8aab-987c80775445", "name": "Nikola Sucevic", "type": "customer", "email": "nikola.sucevic@kinnic.com", "phone": "0643566373", "preferences": {"language": "sv", "notifications": true}, "specialties": [], "email_verified": false, "phone_verified": false}', NULL, '2024-08-04 20:16:56.393072+00', '2024-08-07 20:38:29.00725+00', NULL, NULL, '', '', NULL, '', 0, NULL, '', NULL, false, NULL, false),
	('00000000-0000-0000-0000-000000000000', '0a74ff0c-3af9-41c9-a2b2-551654d71b5b', 'authenticated', 'authenticated', 'ai.operations@radioqubits.com', '$2a$10$XUN0LtO6fdf1IulSCtWDS..6P7QCkNbqHAAQa/jbOSO1aSAV0EyhC', '2024-08-05 14:30:34.374718+00', NULL, '', '2024-08-05 14:27:57.795632+00', '', NULL, '', '', NULL, '2024-08-05 18:10:02.023747+00', '{"provider": "email", "providers": ["email"]}', '{"sub": "0a74ff0c-3af9-41c9-a2b2-551654d71b5b", "name": "Ai Operations", "type": "customer", "email": "ai.operations@radioqubits.com", "phone": "0643566373", "preferences": {"language": "sv", "notifications": true}, "specialties": [], "email_verified": false, "phone_verified": false}', NULL, '2024-08-05 14:27:57.763492+00', '2024-08-05 18:10:02.026552+00', NULL, NULL, '', '', NULL, '', 0, NULL, '', NULL, false, NULL, false),
	('00000000-0000-0000-0000-000000000000', '8d53300e-628b-4ff1-ab74-47fd3720f764', 'authenticated', 'authenticated', 'user2@example.com', '$2a$06$v9JncjQK1jmUd8A9I4UYteC.CyqN7EQPYlmI5Qq2TCFGKwKIR/MAG', '2024-08-05 18:49:51.173217+00', NULL, '', '2024-08-05 18:49:51.173217+00', '', NULL, '', '', NULL, '2024-08-05 18:49:51.173217+00', '{"provider": "email", "providers": ["email"]}', '{"sub": "8d53300e-628b-4ff1-ab74-47fd3720f764", "name": "User 2", "type": "provider", "email": "user2@example.com", "phone": "0700000002", "preferences": {"language": "sv", "notifications": true}, "specialties": [], "email_verified": true, "phone_verified": false}', false, '2024-08-05 18:49:51.173217+00', '2024-08-05 18:49:51.173217+00', '0700000002', NULL, '', '', NULL, '', 0, NULL, '', NULL, false, NULL, false),
	('00000000-0000-0000-0000-000000000000', '47e5b41f-32f0-4a10-b514-bb53e23f655d', 'authenticated', 'authenticated', 'user4@example.com', '$2a$06$p66Arc0Dz7WXBthbXHlFpepIqGJeO6VRzFfM5UTCnOdy3Ve2MtZ.6', '2024-08-05 18:49:51.173217+00', NULL, '', '2024-08-05 18:49:51.173217+00', '', NULL, '', '', NULL, '2024-08-05 18:49:51.173217+00', '{"provider": "email", "providers": ["email"]}', '{"sub": "47e5b41f-32f0-4a10-b514-bb53e23f655d", "name": "User 4", "type": "provider", "email": "user4@example.com", "phone": "0700000004", "preferences": {"language": "sv", "notifications": true}, "specialties": [], "email_verified": true, "phone_verified": false}', false, '2024-08-05 18:49:51.173217+00', '2024-08-05 18:49:51.173217+00', '0700000004', NULL, '', '', NULL, '', 0, NULL, '', NULL, false, NULL, false),
	('00000000-0000-0000-0000-000000000000', '85736685-040c-4913-afa5-59dd67835b81', 'authenticated', 'authenticated', 'user5@example.com', '$2a$06$d1v8Qv64LJqLGGroft.my.lS7rI8I9jBZOR0QgpUdp2JNEZX3WtLG', '2024-08-05 18:49:51.173217+00', NULL, '', '2024-08-05 18:49:51.173217+00', '', NULL, '', '', NULL, '2024-08-05 18:49:51.173217+00', '{"provider": "email", "providers": ["email"]}', '{"sub": "85736685-040c-4913-afa5-59dd67835b81", "name": "User 5", "type": "customer", "email": "user5@example.com", "phone": "0700000005", "preferences": {"language": "sv", "notifications": true}, "specialties": [], "email_verified": true, "phone_verified": false}', false, '2024-08-05 18:49:51.173217+00', '2024-08-05 18:49:51.173217+00', '0700000005', NULL, '', '', NULL, '', 0, NULL, '', NULL, false, NULL, false),
	('00000000-0000-0000-0000-000000000000', '24e8549e-2bda-4e84-b720-1ed73e3ba553', 'authenticated', 'authenticated', 'user6@example.com', '$2a$06$eli.8t7.Uip8Hcn/KYsDVe.ibPpC6PVD1KjrUd6dtzgYdn611GzcW', '2024-08-05 18:49:51.173217+00', NULL, '', '2024-08-05 18:49:51.173217+00', '', NULL, '', '', NULL, '2024-08-05 18:49:51.173217+00', '{"provider": "email", "providers": ["email"]}', '{"sub": "24e8549e-2bda-4e84-b720-1ed73e3ba553", "name": "User 6", "type": "provider", "email": "user6@example.com", "phone": "0700000006", "preferences": {"language": "sv", "notifications": true}, "specialties": [], "email_verified": true, "phone_verified": false}', false, '2024-08-05 18:49:51.173217+00', '2024-08-05 18:49:51.173217+00', '0700000006', NULL, '', '', NULL, '', 0, NULL, '', NULL, false, NULL, false),
	('00000000-0000-0000-0000-000000000000', '9fd76071-b167-4241-bed5-51e3961c3dfe', 'authenticated', 'authenticated', 'user7@example.com', '$2a$06$GJteVn/CuAkPK1PZfAmJb.S5YZe1dzoY/l5BVcHvIcHf5izspxu8u', '2024-08-05 18:49:51.173217+00', NULL, '', '2024-08-05 18:49:51.173217+00', '', NULL, '', '', NULL, '2024-08-05 18:49:51.173217+00', '{"provider": "email", "providers": ["email"]}', '{"sub": "9fd76071-b167-4241-bed5-51e3961c3dfe", "name": "User 7", "type": "customer", "email": "user7@example.com", "phone": "0700000007", "preferences": {"language": "sv", "notifications": true}, "specialties": [], "email_verified": true, "phone_verified": false}', false, '2024-08-05 18:49:51.173217+00', '2024-08-05 18:49:51.173217+00', '0700000007', NULL, '', '', NULL, '', 0, NULL, '', NULL, false, NULL, false),
	('00000000-0000-0000-0000-000000000000', 'e2495a4c-62c7-4e75-a5ef-adedf2178e3e', 'authenticated', 'authenticated', 'user3@example.com', '$2a$06$DSG3j2oY1BX7SDiSh7A32OVyV2ROjakuVuoaQEkg48H03JmluZY1C', '2024-08-05 18:49:51.173217+00', NULL, '', '2024-08-05 18:49:51.173217+00', '', NULL, '', '', NULL, '2024-08-06 17:38:18.874813+00', '{"provider": "email", "providers": ["email"]}', '{"sub": "e2495a4c-62c7-4e75-a5ef-adedf2178e3e", "name": "User 3", "type": "customer", "email": "user3@example.com", "phone": "0700000003", "preferences": {"language": "sv", "notifications": true}, "specialties": [], "email_verified": true, "phone_verified": false}', false, '2024-08-05 18:49:51.173217+00', '2024-08-06 17:38:18.880128+00', '0700000003', NULL, '', '', NULL, '', 0, NULL, '', NULL, false, NULL, false),
	('00000000-0000-0000-0000-000000000000', '56e74a13-011a-4bef-8587-b3f50be2be7c', 'authenticated', 'authenticated', 'user1@example.com', '$2a$06$fm8NofecoLjPPm.MVqxkuOk4TnTBOwzZDbJBCmPkgKPXPqLhIpIFe', '2024-08-05 18:49:51.173217+00', NULL, '', '2024-08-05 18:49:51.173217+00', '', NULL, '', '', NULL, '2024-08-05 19:02:52.161565+00', '{"provider": "email", "providers": ["email"]}', '{"sub": "56e74a13-011a-4bef-8587-b3f50be2be7c", "name": "User 1", "type": "customer", "email": "user1@example.com", "phone": "0700000001", "preferences": {"language": "sv", "notifications": true}, "specialties": [], "email_verified": true, "phone_verified": false}', false, '2024-08-05 18:49:51.173217+00', '2024-08-05 19:02:52.166862+00', '0700000001', NULL, '', '', NULL, '', 0, NULL, '', NULL, false, NULL, false),
	('00000000-0000-0000-0000-000000000000', 'ce81ef09-ece3-4ced-a04a-51b0c92b2ff7', 'authenticated', 'authenticated', 'user8@example.com', '$2a$06$CRZ4/bGkMe65mrAQerGeA.F2kSLUEE6a54ciRufr6LDjzFzszfau.', '2024-08-05 18:49:51.173217+00', NULL, '', '2024-08-05 18:49:51.173217+00', '', NULL, '', '', NULL, '2024-08-05 18:49:51.173217+00', '{"provider": "email", "providers": ["email"]}', '{"sub": "ce81ef09-ece3-4ced-a04a-51b0c92b2ff7", "name": "User 8", "type": "provider", "email": "user8@example.com", "phone": "0700000008", "preferences": {"language": "sv", "notifications": true}, "specialties": [], "email_verified": true, "phone_verified": false}', false, '2024-08-05 18:49:51.173217+00', '2024-08-05 18:49:51.173217+00', '0700000008', NULL, '', '', NULL, '', 0, NULL, '', NULL, false, NULL, false),
	('00000000-0000-0000-0000-000000000000', '17433d9c-b2b0-4f1d-8979-7e9225c6605d', 'authenticated', 'authenticated', 'user9@example.com', '$2a$06$g2I3FObsq9cVEb0/zbcuNOLLRma0Pmkj39xuaWkpnSgkkXRwBraqS', '2024-08-05 18:49:51.173217+00', NULL, '', '2024-08-05 18:49:51.173217+00', '', NULL, '', '', NULL, '2024-08-05 18:49:51.173217+00', '{"provider": "email", "providers": ["email"]}', '{"sub": "17433d9c-b2b0-4f1d-8979-7e9225c6605d", "name": "User 9", "type": "customer", "email": "user9@example.com", "phone": "0700000009", "preferences": {"language": "sv", "notifications": true}, "specialties": [], "email_verified": true, "phone_verified": false}', false, '2024-08-05 18:49:51.173217+00', '2024-08-05 18:49:51.173217+00', '0700000009', NULL, '', '', NULL, '', 0, NULL, '', NULL, false, NULL, false),
	('00000000-0000-0000-0000-000000000000', '9e3bd0fd-cb01-4044-813f-a49b5cb10b59', 'authenticated', 'authenticated', 'user10@example.com', '$2a$06$TDTRJop7qLcNZpobA9gBFO/OYHrJdBgjd6mhlO5oIETbO.K.j33GG', '2024-08-05 18:49:51.173217+00', NULL, '', '2024-08-05 18:49:51.173217+00', '', NULL, '', '', NULL, '2024-08-05 18:49:51.173217+00', '{"provider": "email", "providers": ["email"]}', '{"sub": "9e3bd0fd-cb01-4044-813f-a49b5cb10b59", "name": "User 10", "type": "provider", "email": "user10@example.com", "phone": "0700000010", "preferences": {"language": "sv", "notifications": true}, "specialties": [], "email_verified": true, "phone_verified": false}', false, '2024-08-05 18:49:51.173217+00', '2024-08-05 18:49:51.173217+00', '0700000010', NULL, '', '', NULL, '', 0, NULL, '', NULL, false, NULL, false),
	('00000000-0000-0000-0000-000000000000', '411a3f95-d6af-4805-ab60-20249d20572c', 'authenticated', 'authenticated', 'user11@example.com', '$2a$06$XHqoOXFQRzPGFbOmebMJXu8FWB1j1YUSx5RD8eC0/V8ddZeNUt4tG', '2024-08-05 18:49:51.173217+00', NULL, '', '2024-08-05 18:49:51.173217+00', '', NULL, '', '', NULL, '2024-08-05 18:49:51.173217+00', '{"provider": "email", "providers": ["email"]}', '{"sub": "411a3f95-d6af-4805-ab60-20249d20572c", "name": "User 11", "type": "customer", "email": "user11@example.com", "phone": "0700000011", "preferences": {"language": "sv", "notifications": true}, "specialties": [], "email_verified": true, "phone_verified": false}', false, '2024-08-05 18:49:51.173217+00', '2024-08-05 18:49:51.173217+00', '0700000011', NULL, '', '', NULL, '', 0, NULL, '', NULL, false, NULL, false),
	('00000000-0000-0000-0000-000000000000', '3c46eb35-4912-4c00-a13a-3b50353ee933', 'authenticated', 'authenticated', 'user12@example.com', '$2a$06$Fe.Ak1/59P4SQ0K6l9YOhevjzAVu.WPsZeojC.MhwdYmFEF6nx7KG', '2024-08-05 18:49:51.173217+00', NULL, '', '2024-08-05 18:49:51.173217+00', '', NULL, '', '', NULL, '2024-08-05 18:49:51.173217+00', '{"provider": "email", "providers": ["email"]}', '{"sub": "3c46eb35-4912-4c00-a13a-3b50353ee933", "name": "User 12", "type": "provider", "email": "user12@example.com", "phone": "0700000012", "preferences": {"language": "sv", "notifications": true}, "specialties": [], "email_verified": true, "phone_verified": false}', false, '2024-08-05 18:49:51.173217+00', '2024-08-05 18:49:51.173217+00', '0700000012', NULL, '', '', NULL, '', 0, NULL, '', NULL, false, NULL, false),
	('00000000-0000-0000-0000-000000000000', 'f5a7ac2a-58f6-411e-bb12-70e776610d9e', 'authenticated', 'authenticated', 'user13@example.com', '$2a$06$o40hxvB00JRc6soMokcUWumfLyTWL3Dr2wqzbD6e0tt.3CGZzsUFi', '2024-08-05 18:49:51.173217+00', NULL, '', '2024-08-05 18:49:51.173217+00', '', NULL, '', '', NULL, '2024-08-05 18:49:51.173217+00', '{"provider": "email", "providers": ["email"]}', '{"sub": "f5a7ac2a-58f6-411e-bb12-70e776610d9e", "name": "User 13", "type": "customer", "email": "user13@example.com", "phone": "0700000013", "preferences": {"language": "sv", "notifications": true}, "specialties": [], "email_verified": true, "phone_verified": false}', false, '2024-08-05 18:49:51.173217+00', '2024-08-05 18:49:51.173217+00', '0700000013', NULL, '', '', NULL, '', 0, NULL, '', NULL, false, NULL, false),
	('00000000-0000-0000-0000-000000000000', 'd8873be7-4e38-400f-9414-949644cd6c24', 'authenticated', 'authenticated', 'user14@example.com', '$2a$06$hJ5HOQphZ1nyfoTkdaXWXO6n1IVVpAThTci05mzYjbo5G7wmrSKOq', '2024-08-05 18:49:51.173217+00', NULL, '', '2024-08-05 18:49:51.173217+00', '', NULL, '', '', NULL, '2024-08-05 18:49:51.173217+00', '{"provider": "email", "providers": ["email"]}', '{"sub": "d8873be7-4e38-400f-9414-949644cd6c24", "name": "User 14", "type": "provider", "email": "user14@example.com", "phone": "0700000014", "preferences": {"language": "sv", "notifications": true}, "specialties": [], "email_verified": true, "phone_verified": false}', false, '2024-08-05 18:49:51.173217+00', '2024-08-05 18:49:51.173217+00', '0700000014', NULL, '', '', NULL, '', 0, NULL, '', NULL, false, NULL, false),
	('00000000-0000-0000-0000-000000000000', '4c636e1c-3da4-43cb-a0b0-22d9d692b8e9', 'authenticated', 'authenticated', 'user15@example.com', '$2a$06$uGZOeE224Rq1AVmeLyRot.L.7cUkU/KjPhNycQ.dxz8nZHEsKVl3G', '2024-08-05 18:49:51.173217+00', NULL, '', '2024-08-05 18:49:51.173217+00', '', NULL, '', '', NULL, '2024-08-05 18:49:51.173217+00', '{"provider": "email", "providers": ["email"]}', '{"sub": "4c636e1c-3da4-43cb-a0b0-22d9d692b8e9", "name": "User 15", "type": "customer", "email": "user15@example.com", "phone": "0700000015", "preferences": {"language": "sv", "notifications": true}, "specialties": [], "email_verified": true, "phone_verified": false}', false, '2024-08-05 18:49:51.173217+00', '2024-08-05 18:49:51.173217+00', '0700000015', NULL, '', '', NULL, '', 0, NULL, '', NULL, false, NULL, false),
	('00000000-0000-0000-0000-000000000000', '28de976b-ec5d-4e63-934a-2ed9952f5cda', 'authenticated', 'authenticated', 'nikola273@hotmail.com', '$2a$10$/wlEBEU1pgQA6.dnl6IageBlZEGKcWCMwdFEgp2gXiF2oY03Y8qcO', '2024-08-06 17:25:59.302317+00', NULL, '', '2024-08-06 17:23:34.502182+00', '', NULL, '', '', NULL, '2024-08-09 19:26:05.518457+00', '{"provider": "email", "providers": ["email"]}', '{"sub": "28de976b-ec5d-4e63-934a-2ed9952f5cda", "name": "Luka Sucevic", "type": "provider", "email": "nikola273@hotmail.com", "phone": "0643566373", "preferences": {"language": "sv", "notifications": true}, "specialties": ["Grsklippning", "Trdgrdssktsel", "Hckklippning", "Ogrsrensning", "Plantering"], "email_verified": false, "phone_verified": false}', NULL, '2024-08-06 17:23:34.450267+00', '2024-08-12 07:12:10.649872+00', NULL, NULL, '', '', NULL, '', 0, NULL, '', NULL, false, NULL, false);


--
-- Data for Name: identities; Type: TABLE DATA; Schema: auth; Owner: supabase_auth_admin
--

INSERT INTO "auth"."identities" ("provider_id", "user_id", "identity_data", "provider", "last_sign_in_at", "created_at", "updated_at", "id") VALUES
	('13c5aeb5-8a86-409c-8aab-987c80775445', '13c5aeb5-8a86-409c-8aab-987c80775445', '{"sub": "13c5aeb5-8a86-409c-8aab-987c80775445", "name": "Nikola Sucevic", "type": "customer", "email": "nikola.sucevic@kinnic.com", "phone": "0643566373", "preferences": {"language": "sv", "notifications": true}, "specialties": [], "email_verified": false, "phone_verified": false}', 'email', '2024-08-04 20:16:56.398586+00', '2024-08-04 20:16:56.398631+00', '2024-08-04 20:16:56.398631+00', 'b11422ee-41a8-4e7c-b94f-e5eb1525ee64'),
	('0a74ff0c-3af9-41c9-a2b2-551654d71b5b', '0a74ff0c-3af9-41c9-a2b2-551654d71b5b', '{"sub": "0a74ff0c-3af9-41c9-a2b2-551654d71b5b", "name": "Ai Operations", "type": "customer", "email": "ai.operations@radioqubits.com", "phone": "0643566373", "preferences": {"language": "sv", "notifications": true}, "specialties": [], "email_verified": false, "phone_verified": false}', 'email', '2024-08-05 14:27:57.779999+00', '2024-08-05 14:27:57.780063+00', '2024-08-05 14:27:57.780063+00', '1e992999-0c29-40fe-bb8d-052a4be2d3e4'),
	('91016e59-38b7-4055-976c-a8a91c7976e1', '91016e59-38b7-4055-976c-a8a91c7976e1', '{"sub": "91016e59-38b7-4055-976c-a8a91c7976e1", "name": "Radio Qubits", "type": "customer", "email": "nikola.sucevic@radioqubits.com", "phone": "0643566373", "preferences": {"language": "sv", "notifications": true}, "specialties": [], "email_verified": false, "phone_verified": false}', 'email', '2024-08-05 21:06:54.239966+00', '2024-08-05 21:06:54.24003+00', '2024-08-05 21:06:54.24003+00', '5184dbe3-2b0e-4bdc-bb5a-085cb7cf306d'),
	('28de976b-ec5d-4e63-934a-2ed9952f5cda', '28de976b-ec5d-4e63-934a-2ed9952f5cda', '{"sub": "28de976b-ec5d-4e63-934a-2ed9952f5cda", "name": "Luka Sucevic", "type": "provider", "email": "nikola273@hotmail.com", "phone": "0643566373", "preferences": {"language": "sv", "notifications": true}, "specialties": ["Grsklippning", "Trdgrdssktsel", "Hckklippning", "Ogrsrensning", "Plantering"], "email_verified": false, "phone_verified": false}', 'email', '2024-08-06 17:23:34.478914+00', '2024-08-06 17:23:34.47897+00', '2024-08-06 17:23:34.47897+00', '2a09cd7e-6d96-4376-9123-0a8fe5cd2da0');


--
-- Data for Name: instances; Type: TABLE DATA; Schema: auth; Owner: supabase_auth_admin
--



--
-- Data for Name: sessions; Type: TABLE DATA; Schema: auth; Owner: supabase_auth_admin
--

INSERT INTO "auth"."sessions" ("id", "user_id", "created_at", "updated_at", "factor_id", "aal", "not_after", "refreshed_at", "user_agent", "ip", "tag") VALUES
	('9bfce7a8-d216-4021-b5fd-39788ad0f5ea', '28de976b-ec5d-4e63-934a-2ed9952f5cda', '2024-08-07 18:10:27.618971+00', '2024-08-07 18:10:27.618971+00', NULL, 'aal1', NULL, NULL, 'Mozilla/5.0 (Macintosh; Intel Mac OS X 10_15_7) AppleWebKit/537.36 (KHTML, like Gecko) Chrome/126.0.0.0 Safari/537.36', '178.31.102.90', NULL),
	('292642e3-e6eb-4447-88e8-e4f7ef39e079', '0a74ff0c-3af9-41c9-a2b2-551654d71b5b', '2024-08-05 14:30:34.379127+00', '2024-08-05 14:30:34.379127+00', NULL, 'aal1', NULL, NULL, 'Mozilla/5.0 (Linux; Android 10; K) AppleWebKit/537.36 (KHTML, like Gecko) SamsungBrowser/25.0 Chrome/121.0.0.0 Mobile Safari/537.36', '212.200.181.123', NULL),
	('f5f177c5-e277-4659-950c-9a74b7d2c3e8', '13c5aeb5-8a86-409c-8aab-987c80775445', '2024-08-06 17:56:09.674521+00', '2024-08-07 16:17:59.429886+00', NULL, 'aal1', NULL, '2024-08-07 16:17:59.429797', 'Mozilla/5.0 (Macintosh; Intel Mac OS X 10_15_7) AppleWebKit/537.36 (KHTML, like Gecko) Chrome/126.0.0.0 Safari/537.36', '178.31.102.90', NULL),
	('1e2afd9a-8796-4e0a-bf59-a6c4f5188e1d', '0a74ff0c-3af9-41c9-a2b2-551654d71b5b', '2024-08-05 18:10:02.023826+00', '2024-08-05 18:10:02.023826+00', NULL, 'aal1', NULL, NULL, 'Mozilla/5.0 (Macintosh; Intel Mac OS X 10_15_7) AppleWebKit/537.36 (KHTML, like Gecko) Chrome/126.0.0.0 Safari/537.36', '79.102.239.111', NULL),
	('cf4916e3-10b1-48ab-b689-a9eb3ae55fce', '56e74a13-011a-4bef-8587-b3f50be2be7c', '2024-08-05 18:50:37.509476+00', '2024-08-05 18:50:37.509476+00', NULL, 'aal1', NULL, NULL, 'Mozilla/5.0 (Macintosh; Intel Mac OS X 10_15_7) AppleWebKit/537.36 (KHTML, like Gecko) Chrome/126.0.0.0 Safari/537.36', '79.102.239.111', NULL),
	('5ced447f-5d17-4c86-926d-6c37a8108f6e', '56e74a13-011a-4bef-8587-b3f50be2be7c', '2024-08-05 19:02:09.483001+00', '2024-08-05 19:02:09.483001+00', NULL, 'aal1', NULL, NULL, 'Mozilla/5.0 (Macintosh; Intel Mac OS X 10_15_7) AppleWebKit/537.36 (KHTML, like Gecko) Chrome/126.0.0.0 Safari/537.36', '79.102.239.111', NULL),
	('2d571427-ee3e-49f3-8466-75a23785f774', '56e74a13-011a-4bef-8587-b3f50be2be7c', '2024-08-05 19:02:52.161634+00', '2024-08-05 19:02:52.161634+00', NULL, 'aal1', NULL, NULL, 'Mozilla/5.0 (Macintosh; Intel Mac OS X 10_15_7) AppleWebKit/537.36 (KHTML, like Gecko) Chrome/126.0.0.0 Safari/537.36', '79.102.239.111', NULL),
	('5a1fc034-7f64-4e01-ade2-3a8baed85483', 'e2495a4c-62c7-4e75-a5ef-adedf2178e3e', '2024-08-05 19:51:42.924456+00', '2024-08-05 21:06:52.019225+00', NULL, 'aal1', NULL, '2024-08-05 21:06:52.019151', 'Mozilla/5.0 (Macintosh; Intel Mac OS X 10_15_7) AppleWebKit/537.36 (KHTML, like Gecko) Chrome/126.0.0.0 Safari/537.36', '79.102.239.111', NULL),
	('ad4eec85-2923-410a-8f05-8e6f14189069', '91016e59-38b7-4055-976c-a8a91c7976e1', '2024-08-05 21:07:10.644781+00', '2024-08-05 21:07:10.644781+00', NULL, 'aal1', NULL, NULL, 'Mozilla/5.0 (Linux; Android 10; K) AppleWebKit/537.36 (KHTML, like Gecko) SamsungBrowser/25.0 Chrome/121.0.0.0 Mobile Safari/537.36', '79.102.239.111', NULL),
	('f144aa1d-6051-424b-8131-f4b9154f35ff', '91016e59-38b7-4055-976c-a8a91c7976e1', '2024-08-05 21:07:31.489767+00', '2024-08-05 21:07:31.489767+00', NULL, 'aal1', NULL, NULL, 'Mozilla/5.0 (Macintosh; Intel Mac OS X 10_15_7) AppleWebKit/537.36 (KHTML, like Gecko) Chrome/126.0.0.0 Safari/537.36', '79.102.239.111', NULL),
	('a124d924-823e-428c-b430-28f229e7c713', '28de976b-ec5d-4e63-934a-2ed9952f5cda', '2024-08-06 17:25:59.314799+00', '2024-08-06 17:25:59.314799+00', NULL, 'aal1', NULL, NULL, 'Mozilla/5.0 (Linux; Android 10; K) AppleWebKit/537.36 (KHTML, like Gecko) SamsungBrowser/25.0 Chrome/121.0.0.0 Mobile Safari/537.36', '178.31.98.209', NULL),
	('15f69891-ec9a-48af-abda-93878153807a', '28de976b-ec5d-4e63-934a-2ed9952f5cda', '2024-08-06 17:26:02.838762+00', '2024-08-06 17:26:02.838762+00', NULL, 'aal1', NULL, NULL, 'Mozilla/5.0 (Macintosh; Intel Mac OS X 10_15_7) AppleWebKit/537.36 (KHTML, like Gecko) Chrome/126.0.0.0 Safari/537.36', '178.31.98.209', NULL),
	('86394f77-1569-4336-8097-06ea5a5892d3', '13c5aeb5-8a86-409c-8aab-987c80775445', '2024-08-06 17:26:48.860597+00', '2024-08-06 17:26:48.860597+00', NULL, 'aal1', NULL, NULL, 'Mozilla/5.0 (Macintosh; Intel Mac OS X 10_15_7) AppleWebKit/537.36 (KHTML, like Gecko) Chrome/126.0.0.0 Safari/537.36', '178.31.98.209', NULL),
	('ed4909c9-3f23-42d0-98c2-38c44fc2a1ad', '28de976b-ec5d-4e63-934a-2ed9952f5cda', '2024-08-06 17:29:16.207009+00', '2024-08-06 17:29:16.207009+00', NULL, 'aal1', NULL, NULL, 'Mozilla/5.0 (Macintosh; Intel Mac OS X 10_15_7) AppleWebKit/537.36 (KHTML, like Gecko) Chrome/126.0.0.0 Safari/537.36', '178.31.98.209', NULL),
	('824bfef8-df11-4c8c-b905-97722aaead14', '28de976b-ec5d-4e63-934a-2ed9952f5cda', '2024-08-06 17:31:09.777167+00', '2024-08-06 17:31:09.777167+00', NULL, 'aal1', NULL, NULL, 'Mozilla/5.0 (Macintosh; Intel Mac OS X 10_15_7) AppleWebKit/537.36 (KHTML, like Gecko) Chrome/126.0.0.0 Safari/537.36', '178.31.98.209', NULL),
	('1dfa3954-3ec2-4bc5-b582-95aa29cc4cf3', '28de976b-ec5d-4e63-934a-2ed9952f5cda', '2024-08-06 17:32:07.128077+00', '2024-08-06 17:32:07.128077+00', NULL, 'aal1', NULL, NULL, 'Mozilla/5.0 (Macintosh; Intel Mac OS X 10_15_7) AppleWebKit/537.36 (KHTML, like Gecko) Chrome/126.0.0.0 Safari/537.36', '178.31.98.209', NULL),
	('5db19b76-899d-41d8-a90c-41e7e2feed7d', 'e2495a4c-62c7-4e75-a5ef-adedf2178e3e', '2024-08-06 17:38:18.874884+00', '2024-08-06 17:38:18.874884+00', NULL, 'aal1', NULL, NULL, 'Mozilla/5.0 (Macintosh; Intel Mac OS X 10_15_7) AppleWebKit/537.36 (KHTML, like Gecko) Chrome/126.0.0.0 Safari/537.36', '178.31.98.209', NULL),
	('7a8a84cc-795d-481a-bdad-11fc0d048b2d', '13c5aeb5-8a86-409c-8aab-987c80775445', '2024-08-06 17:40:44.640386+00', '2024-08-06 17:40:44.640386+00', NULL, 'aal1', NULL, NULL, 'Mozilla/5.0 (Macintosh; Intel Mac OS X 10_15_7) AppleWebKit/537.36 (KHTML, like Gecko) Chrome/126.0.0.0 Safari/537.36', '178.31.98.209', NULL),
	('53d5f0d4-5fe2-41a6-8678-5f1eec74858c', '28de976b-ec5d-4e63-934a-2ed9952f5cda', '2024-08-07 16:21:28.885338+00', '2024-08-07 16:21:28.885338+00', NULL, 'aal1', NULL, NULL, 'Mozilla/5.0 (Macintosh; Intel Mac OS X 10_15_7) AppleWebKit/537.36 (KHTML, like Gecko) Chrome/126.0.0.0 Safari/537.36', '178.31.102.90', NULL),
	('8eb3c298-3448-4321-8c5c-07cdef8f0611', '13c5aeb5-8a86-409c-8aab-987c80775445', '2024-08-07 16:23:44.789384+00', '2024-08-07 16:23:44.789384+00', NULL, 'aal1', NULL, NULL, 'Mozilla/5.0 (Macintosh; Intel Mac OS X 10_15_7) AppleWebKit/537.36 (KHTML, like Gecko) Chrome/126.0.0.0 Safari/537.36', '178.31.102.90', NULL),
	('f1630cd2-e19c-4344-9576-2ebb2c043ddf', '28de976b-ec5d-4e63-934a-2ed9952f5cda', '2024-08-07 16:41:41.733494+00', '2024-08-07 16:41:41.733494+00', NULL, 'aal1', NULL, NULL, 'Mozilla/5.0 (Macintosh; Intel Mac OS X 10_15_7) AppleWebKit/537.36 (KHTML, like Gecko) Chrome/126.0.0.0 Safari/537.36', '178.31.102.90', NULL),
	('1c37b3de-306a-4b4c-9f41-68c96928a0e0', '28de976b-ec5d-4e63-934a-2ed9952f5cda', '2024-08-07 16:55:23.990074+00', '2024-08-07 16:55:23.990074+00', NULL, 'aal1', NULL, NULL, 'Mozilla/5.0 (Macintosh; Intel Mac OS X 10_15_7) AppleWebKit/537.36 (KHTML, like Gecko) Chrome/126.0.0.0 Safari/537.36', '178.31.102.90', NULL),
	('14117a59-aefc-4d63-b1c1-72f04d838f82', '28de976b-ec5d-4e63-934a-2ed9952f5cda', '2024-08-07 17:01:40.673088+00', '2024-08-07 17:01:40.673088+00', NULL, 'aal1', NULL, NULL, 'Mozilla/5.0 (Macintosh; Intel Mac OS X 10_15_7) AppleWebKit/537.36 (KHTML, like Gecko) Chrome/126.0.0.0 Safari/537.36', '178.31.102.90', NULL),
	('801efe19-fef8-483b-b780-27665ab59394', '28de976b-ec5d-4e63-934a-2ed9952f5cda', '2024-08-07 17:02:11.412516+00', '2024-08-07 17:02:11.412516+00', NULL, 'aal1', NULL, NULL, 'Mozilla/5.0 (Macintosh; Intel Mac OS X 10_15_7) AppleWebKit/537.36 (KHTML, like Gecko) Chrome/126.0.0.0 Safari/537.36', '178.31.102.90', NULL),
	('f12b88b0-5652-4ec5-aa91-17371dd43702', '28de976b-ec5d-4e63-934a-2ed9952f5cda', '2024-08-07 17:10:20.708317+00', '2024-08-07 17:10:20.708317+00', NULL, 'aal1', NULL, NULL, 'Mozilla/5.0 (Macintosh; Intel Mac OS X 10_15_7) AppleWebKit/537.36 (KHTML, like Gecko) Chrome/126.0.0.0 Safari/537.36', '178.31.102.90', NULL),
	('cb56449f-b90d-49ff-b136-ed2e39807c67', '28de976b-ec5d-4e63-934a-2ed9952f5cda', '2024-08-07 17:11:07.132831+00', '2024-08-07 17:11:07.132831+00', NULL, 'aal1', NULL, NULL, 'Mozilla/5.0 (Macintosh; Intel Mac OS X 10_15_7) AppleWebKit/537.36 (KHTML, like Gecko) Chrome/126.0.0.0 Safari/537.36', '178.31.102.90', NULL),
	('5474819f-41a3-4a1d-a630-0c26535e3d8b', '28de976b-ec5d-4e63-934a-2ed9952f5cda', '2024-08-07 17:36:34.427118+00', '2024-08-07 17:36:34.427118+00', NULL, 'aal1', NULL, NULL, 'Mozilla/5.0 (Macintosh; Intel Mac OS X 10_15_7) AppleWebKit/537.36 (KHTML, like Gecko) Chrome/126.0.0.0 Safari/537.36', '178.31.102.90', NULL),
	('7d02ebca-94f7-4db1-9baf-d999db1ff0a1', '28de976b-ec5d-4e63-934a-2ed9952f5cda', '2024-08-07 17:38:34.885802+00', '2024-08-07 17:38:34.885802+00', NULL, 'aal1', NULL, NULL, 'Mozilla/5.0 (Macintosh; Intel Mac OS X 10_15_7) AppleWebKit/537.36 (KHTML, like Gecko) Chrome/126.0.0.0 Safari/537.36', '178.31.102.90', NULL),
	('b5dbebee-3a36-4afb-aedd-9ed9a3888370', '28de976b-ec5d-4e63-934a-2ed9952f5cda', '2024-08-07 17:43:42.391974+00', '2024-08-07 17:43:42.391974+00', NULL, 'aal1', NULL, NULL, 'Mozilla/5.0 (Macintosh; Intel Mac OS X 10_15_7) AppleWebKit/537.36 (KHTML, like Gecko) Chrome/126.0.0.0 Safari/537.36', '178.31.102.90', NULL),
	('af16f596-ff75-4ff0-8701-925913a12d4d', '28de976b-ec5d-4e63-934a-2ed9952f5cda', '2024-08-07 17:53:11.730315+00', '2024-08-07 17:53:11.730315+00', NULL, 'aal1', NULL, NULL, 'Mozilla/5.0 (Macintosh; Intel Mac OS X 10_15_7) AppleWebKit/537.36 (KHTML, like Gecko) Chrome/126.0.0.0 Safari/537.36', '178.31.102.90', NULL),
	('5b2c1d11-398c-4078-9768-25b9bbbf5946', '28de976b-ec5d-4e63-934a-2ed9952f5cda', '2024-08-07 17:55:18.854899+00', '2024-08-07 17:55:18.854899+00', NULL, 'aal1', NULL, NULL, 'Mozilla/5.0 (Macintosh; Intel Mac OS X 10_15_7) AppleWebKit/537.36 (KHTML, like Gecko) Chrome/126.0.0.0 Safari/537.36', '178.31.102.90', NULL),
	('03ab9b56-d608-4e39-8816-a624978d53e6', '28de976b-ec5d-4e63-934a-2ed9952f5cda', '2024-08-07 18:12:10.927931+00', '2024-08-07 18:12:10.927931+00', NULL, 'aal1', NULL, NULL, 'Mozilla/5.0 (Macintosh; Intel Mac OS X 10_15_7) AppleWebKit/537.36 (KHTML, like Gecko) Chrome/126.0.0.0 Safari/537.36', '178.31.102.90', NULL),
	('8ba58e00-7e10-4e56-812d-9c3dc859e034', '28de976b-ec5d-4e63-934a-2ed9952f5cda', '2024-08-07 18:01:55.9254+00', '2024-08-07 18:01:55.9254+00', NULL, 'aal1', NULL, NULL, 'Mozilla/5.0 (Macintosh; Intel Mac OS X 10_15_7) AppleWebKit/537.36 (KHTML, like Gecko) Chrome/126.0.0.0 Safari/537.36', '178.31.102.90', NULL),
	('25245a01-c22b-4e65-8fb4-20a7c1c6cd7f', '28de976b-ec5d-4e63-934a-2ed9952f5cda', '2024-08-07 18:16:46.322666+00', '2024-08-07 18:16:46.322666+00', NULL, 'aal1', NULL, NULL, 'Mozilla/5.0 (Macintosh; Intel Mac OS X 10_15_7) AppleWebKit/537.36 (KHTML, like Gecko) Chrome/126.0.0.0 Safari/537.36', '178.31.102.90', NULL),
	('f038b71b-c880-4bc6-816e-764a4afea436', '28de976b-ec5d-4e63-934a-2ed9952f5cda', '2024-08-07 18:17:35.035012+00', '2024-08-07 18:17:35.035012+00', NULL, 'aal1', NULL, NULL, 'Mozilla/5.0 (Macintosh; Intel Mac OS X 10_15_7) AppleWebKit/537.36 (KHTML, like Gecko) Chrome/126.0.0.0 Safari/537.36', '178.31.102.90', NULL),
	('8640d2af-c122-40ab-9bbe-b110f8576af9', '28de976b-ec5d-4e63-934a-2ed9952f5cda', '2024-08-07 18:30:10.318502+00', '2024-08-07 18:30:10.318502+00', NULL, 'aal1', NULL, NULL, 'Mozilla/5.0 (Macintosh; Intel Mac OS X 10_15_7) AppleWebKit/537.36 (KHTML, like Gecko) Chrome/126.0.0.0 Safari/537.36', '178.31.102.90', NULL),
	('5b2703f2-70e4-4d85-b798-21746c45e312', '28de976b-ec5d-4e63-934a-2ed9952f5cda', '2024-08-07 18:36:47.385627+00', '2024-08-07 18:36:47.385627+00', NULL, 'aal1', NULL, NULL, 'Mozilla/5.0 (Macintosh; Intel Mac OS X 10_15_7) AppleWebKit/537.36 (KHTML, like Gecko) Chrome/126.0.0.0 Safari/537.36', '178.31.102.90', NULL),
	('ed3edd21-cdc1-4272-a611-c76548141d36', '28de976b-ec5d-4e63-934a-2ed9952f5cda', '2024-08-07 18:38:05.092514+00', '2024-08-07 18:38:05.092514+00', NULL, 'aal1', NULL, NULL, 'Mozilla/5.0 (Macintosh; Intel Mac OS X 10_15_7) AppleWebKit/537.36 (KHTML, like Gecko) Chrome/126.0.0.0 Safari/537.36', '178.31.102.90', NULL),
	('200cac3e-c9e9-4d58-87e7-b827591a25d7', '28de976b-ec5d-4e63-934a-2ed9952f5cda', '2024-08-07 18:38:35.579614+00', '2024-08-07 18:38:35.579614+00', NULL, 'aal1', NULL, NULL, 'Mozilla/5.0 (Macintosh; Intel Mac OS X 10_15_7) AppleWebKit/537.36 (KHTML, like Gecko) Chrome/126.0.0.0 Safari/537.36', '178.31.102.90', NULL),
	('55870699-2b8f-4e6f-bbb7-f09029f98b81', '28de976b-ec5d-4e63-934a-2ed9952f5cda', '2024-08-07 18:49:15.472037+00', '2024-08-07 18:49:15.472037+00', NULL, 'aal1', NULL, NULL, 'Mozilla/5.0 (Linux; Android 10; K) AppleWebKit/537.36 (KHTML, like Gecko) Chrome/126.0.0.0 Mobile Safari/537.36', '178.31.102.90', NULL),
	('bb41cb26-ee03-43ec-aa27-91758450ec23', '28de976b-ec5d-4e63-934a-2ed9952f5cda', '2024-08-07 18:53:34.395974+00', '2024-08-07 18:53:34.395974+00', NULL, 'aal1', NULL, NULL, 'Mozilla/5.0 (Macintosh; Intel Mac OS X 10_15_7) AppleWebKit/537.36 (KHTML, like Gecko) Chrome/126.0.0.0 Safari/537.36', '178.31.102.90', NULL),
	('247ec9a2-b5f3-4ea4-bbfa-5baf50963474', '28de976b-ec5d-4e63-934a-2ed9952f5cda', '2024-08-07 18:56:00.486723+00', '2024-08-07 18:56:00.486723+00', NULL, 'aal1', NULL, NULL, 'Mozilla/5.0 (Macintosh; Intel Mac OS X 10_15_7) AppleWebKit/537.36 (KHTML, like Gecko) Chrome/126.0.0.0 Safari/537.36', '178.31.102.90', NULL),
	('0291b4e9-036a-46f7-99a2-08386d18a4f2', '28de976b-ec5d-4e63-934a-2ed9952f5cda', '2024-08-07 19:04:35.11253+00', '2024-08-07 19:04:35.11253+00', NULL, 'aal1', NULL, NULL, 'Mozilla/5.0 (Macintosh; Intel Mac OS X 10_15_7) AppleWebKit/537.36 (KHTML, like Gecko) Chrome/126.0.0.0 Safari/537.36', '178.31.102.90', NULL),
	('0ae63ad6-c235-4d87-8e1f-82a2715f6847', '28de976b-ec5d-4e63-934a-2ed9952f5cda', '2024-08-07 19:06:43.162005+00', '2024-08-07 19:06:43.162005+00', NULL, 'aal1', NULL, NULL, 'Mozilla/5.0 (Macintosh; Intel Mac OS X 10_15_7) AppleWebKit/537.36 (KHTML, like Gecko) Chrome/126.0.0.0 Safari/537.36', '178.31.102.90', NULL),
	('53e234b8-dfeb-4048-8b7c-00c9a32fe107', '28de976b-ec5d-4e63-934a-2ed9952f5cda', '2024-08-07 19:11:08.084051+00', '2024-08-07 19:11:08.084051+00', NULL, 'aal1', NULL, NULL, 'Mozilla/5.0 (Macintosh; Intel Mac OS X 10_15_7) AppleWebKit/537.36 (KHTML, like Gecko) Chrome/126.0.0.0 Safari/537.36', '178.31.102.90', NULL),
	('113db790-4d0a-406c-927d-f821afab0d30', '28de976b-ec5d-4e63-934a-2ed9952f5cda', '2024-08-07 19:12:37.493789+00', '2024-08-07 19:12:37.493789+00', NULL, 'aal1', NULL, NULL, 'Mozilla/5.0 (Macintosh; Intel Mac OS X 10_15_7) AppleWebKit/537.36 (KHTML, like Gecko) Chrome/126.0.0.0 Safari/537.36', '178.31.102.90', NULL),
	('6f137ad3-b05e-47dd-b8da-8355047cbbf3', '28de976b-ec5d-4e63-934a-2ed9952f5cda', '2024-08-07 19:16:58.906591+00', '2024-08-07 19:16:58.906591+00', NULL, 'aal1', NULL, NULL, 'Mozilla/5.0 (Macintosh; Intel Mac OS X 10_15_7) AppleWebKit/537.36 (KHTML, like Gecko) Chrome/126.0.0.0 Safari/537.36', '178.31.102.90', NULL),
	('b37dda2f-1ac1-4eb7-acbf-03005d966e52', '28de976b-ec5d-4e63-934a-2ed9952f5cda', '2024-08-07 20:04:43.516893+00', '2024-08-07 20:04:43.516893+00', NULL, 'aal1', NULL, NULL, 'Mozilla/5.0 (Macintosh; Intel Mac OS X 10_15_7) AppleWebKit/537.36 (KHTML, like Gecko) Chrome/126.0.0.0 Safari/537.36', '178.31.102.90', NULL),
	('c9b2ee6d-087d-4c24-9d03-722f3ca1081f', '28de976b-ec5d-4e63-934a-2ed9952f5cda', '2024-08-07 20:28:44.082647+00', '2024-08-07 20:28:44.082647+00', NULL, 'aal1', NULL, NULL, 'Mozilla/5.0 (Macintosh; Intel Mac OS X 10_15_7) AppleWebKit/537.36 (KHTML, like Gecko) Chrome/126.0.0.0 Safari/537.36', '178.31.102.90', NULL),
	('54983c0a-d6d2-4b8a-a8cd-5e8dfcb738e0', '28de976b-ec5d-4e63-934a-2ed9952f5cda', '2024-08-07 20:36:55.108704+00', '2024-08-07 20:36:55.108704+00', NULL, 'aal1', NULL, NULL, 'Mozilla/5.0 (Macintosh; Intel Mac OS X 10_15_7) AppleWebKit/537.36 (KHTML, like Gecko) Chrome/126.0.0.0 Safari/537.36', '178.31.102.90', NULL),
	('8a88c4bc-14e1-4e34-ba45-f0e837755a8a', '13c5aeb5-8a86-409c-8aab-987c80775445', '2024-08-07 20:38:29.003966+00', '2024-08-07 20:38:29.003966+00', NULL, 'aal1', NULL, NULL, 'Mozilla/5.0 (Macintosh; Intel Mac OS X 10_15_7) AppleWebKit/537.36 (KHTML, like Gecko) Chrome/126.0.0.0 Safari/537.36', '178.31.102.90', NULL),
	('d01917f4-963e-4c59-bcc1-741f8ede2f30', '91016e59-38b7-4055-976c-a8a91c7976e1', '2024-08-07 20:39:10.872874+00', '2024-08-07 20:39:10.872874+00', NULL, 'aal1', NULL, NULL, 'Mozilla/5.0 (Macintosh; Intel Mac OS X 10_15_7) AppleWebKit/537.36 (KHTML, like Gecko) Chrome/126.0.0.0 Safari/537.36', '178.31.102.90', NULL),
	('d69ebb88-53e8-4aba-9384-fdd09dff7d6f', '28de976b-ec5d-4e63-934a-2ed9952f5cda', '2024-08-07 20:49:33.867109+00', '2024-08-07 20:49:33.867109+00', NULL, 'aal1', NULL, NULL, 'Mozilla/5.0 (Macintosh; Intel Mac OS X 10_15_7) AppleWebKit/537.36 (KHTML, like Gecko) Chrome/126.0.0.0 Safari/537.36', '178.31.102.90', NULL),
	('493af3c0-4a90-4e4a-b41c-649c5deb82a3', '28de976b-ec5d-4e63-934a-2ed9952f5cda', '2024-08-07 21:16:00.024774+00', '2024-08-07 21:16:00.024774+00', NULL, 'aal1', NULL, NULL, 'Mozilla/5.0 (Macintosh; Intel Mac OS X 10_15_7) AppleWebKit/537.36 (KHTML, like Gecko) Chrome/126.0.0.0 Safari/537.36', '178.31.102.90', NULL),
	('21f6ea9b-a3f0-44f8-b486-e7bfc23ee8da', '28de976b-ec5d-4e63-934a-2ed9952f5cda', '2024-08-07 21:22:20.034346+00', '2024-08-07 21:22:20.034346+00', NULL, 'aal1', NULL, NULL, 'Mozilla/5.0 (Macintosh; Intel Mac OS X 10_15_7) AppleWebKit/537.36 (KHTML, like Gecko) Chrome/126.0.0.0 Safari/537.36', '178.31.102.90', NULL),
	('4768e506-4e4c-4f35-a1a4-10bc5ff3be5f', '28de976b-ec5d-4e63-934a-2ed9952f5cda', '2024-08-07 21:35:13.80088+00', '2024-08-07 21:35:13.80088+00', NULL, 'aal1', NULL, NULL, 'Mozilla/5.0 (Macintosh; Intel Mac OS X 10_15_7) AppleWebKit/537.36 (KHTML, like Gecko) Chrome/126.0.0.0 Safari/537.36', '178.31.102.90', NULL),
	('f56c2948-56c5-473f-ab9c-7ea523ac171c', '28de976b-ec5d-4e63-934a-2ed9952f5cda', '2024-08-07 21:48:47.351499+00', '2024-08-09 11:47:45.223157+00', NULL, 'aal1', NULL, '2024-08-09 11:47:45.22305', 'Mozilla/5.0 (Macintosh; Intel Mac OS X 10_15_7) AppleWebKit/537.36 (KHTML, like Gecko) Chrome/126.0.0.0 Safari/537.36', '178.31.102.90', NULL),
	('d70b4143-a54a-4e03-a4b2-c7b8118b0687', '28de976b-ec5d-4e63-934a-2ed9952f5cda', '2024-08-09 19:26:05.518537+00', '2024-08-12 07:12:10.651343+00', NULL, 'aal1', NULL, '2024-08-12 07:12:10.651268', 'Mozilla/5.0 (Macintosh; Intel Mac OS X 10_15_7) AppleWebKit/537.36 (KHTML, like Gecko) Chrome/126.0.0.0 Safari/537.36', '178.30.144.42', NULL),
	('5305ce1a-3875-4677-863b-4e5aaa6963b6', '28de976b-ec5d-4e63-934a-2ed9952f5cda', '2024-08-09 12:11:48.76983+00', '2024-08-09 19:18:34.487182+00', NULL, 'aal1', NULL, '2024-08-09 19:18:34.487105', 'Mozilla/5.0 (Macintosh; Intel Mac OS X 10_15_7) AppleWebKit/537.36 (KHTML, like Gecko) Chrome/126.0.0.0 Safari/537.36', '178.30.180.28', NULL);


--
-- Data for Name: mfa_amr_claims; Type: TABLE DATA; Schema: auth; Owner: supabase_auth_admin
--

INSERT INTO "auth"."mfa_amr_claims" ("session_id", "created_at", "updated_at", "authentication_method", "id") VALUES
	('292642e3-e6eb-4447-88e8-e4f7ef39e079', '2024-08-05 14:30:34.384847+00', '2024-08-05 14:30:34.384847+00', 'otp', '05e7f71e-4e70-4af3-969c-749ddf230a5b'),
	('1e2afd9a-8796-4e0a-bf59-a6c4f5188e1d', '2024-08-05 18:10:02.02715+00', '2024-08-05 18:10:02.02715+00', 'password', 'a17051e7-2ceb-4da5-9b1b-225a419939e2'),
	('cf4916e3-10b1-48ab-b689-a9eb3ae55fce', '2024-08-05 18:50:37.520997+00', '2024-08-05 18:50:37.520997+00', 'password', 'dae607e8-ea7a-405b-864d-220d23bd3757'),
	('5ced447f-5d17-4c86-926d-6c37a8108f6e', '2024-08-05 19:02:09.487448+00', '2024-08-05 19:02:09.487448+00', 'password', '5fdcd9e9-2574-4353-9e2c-f99729b6a0a2'),
	('2d571427-ee3e-49f3-8466-75a23785f774', '2024-08-05 19:02:52.167217+00', '2024-08-05 19:02:52.167217+00', 'password', '595b8a68-cce7-4498-8b9a-18e1cf021e81'),
	('5a1fc034-7f64-4e01-ade2-3a8baed85483', '2024-08-05 19:51:42.92886+00', '2024-08-05 19:51:42.92886+00', 'password', '84f134b6-ecde-47c0-86d0-80cb14a2f841'),
	('ad4eec85-2923-410a-8f05-8e6f14189069', '2024-08-05 21:07:10.64671+00', '2024-08-05 21:07:10.64671+00', 'otp', '2371159f-bdb0-4cfe-8d60-6f549168db5a'),
	('f144aa1d-6051-424b-8131-f4b9154f35ff', '2024-08-05 21:07:31.491622+00', '2024-08-05 21:07:31.491622+00', 'password', '41f58b22-4143-4037-9b80-7623eaad9adc'),
	('a124d924-823e-428c-b430-28f229e7c713', '2024-08-06 17:25:59.329298+00', '2024-08-06 17:25:59.329298+00', 'otp', '39750fc6-5873-4c07-ad25-70f5fd196a2a'),
	('15f69891-ec9a-48af-abda-93878153807a', '2024-08-06 17:26:02.841636+00', '2024-08-06 17:26:02.841636+00', 'password', 'b135c189-4485-441a-9fc2-f0bba00b556f'),
	('86394f77-1569-4336-8097-06ea5a5892d3', '2024-08-06 17:26:48.866355+00', '2024-08-06 17:26:48.866355+00', 'password', '3dccdeb6-5224-403e-abac-f842a82e7d94'),
	('ed4909c9-3f23-42d0-98c2-38c44fc2a1ad', '2024-08-06 17:29:16.211555+00', '2024-08-06 17:29:16.211555+00', 'password', 'e9b26a28-a5fa-4d69-98dc-b13a233fa13e'),
	('824bfef8-df11-4c8c-b905-97722aaead14', '2024-08-06 17:31:09.780052+00', '2024-08-06 17:31:09.780052+00', 'password', 'da5e0575-663c-45ef-8f8a-b2dee205825a'),
	('1dfa3954-3ec2-4bc5-b582-95aa29cc4cf3', '2024-08-06 17:32:07.130096+00', '2024-08-06 17:32:07.130096+00', 'password', '09deab7d-f8f1-43b3-9701-1b4e99b6d61f'),
	('5db19b76-899d-41d8-a90c-41e7e2feed7d', '2024-08-06 17:38:18.880728+00', '2024-08-06 17:38:18.880728+00', 'password', 'db28c290-694f-4bad-a115-a07bef95a69c'),
	('7a8a84cc-795d-481a-bdad-11fc0d048b2d', '2024-08-06 17:40:44.645258+00', '2024-08-06 17:40:44.645258+00', 'password', 'ad683929-28d0-4769-8458-bfadce5215d5'),
	('f5f177c5-e277-4659-950c-9a74b7d2c3e8', '2024-08-06 17:56:09.68128+00', '2024-08-06 17:56:09.68128+00', 'password', '15303766-f534-4123-92f4-3f28a4ef66f4'),
	('53d5f0d4-5fe2-41a6-8678-5f1eec74858c', '2024-08-07 16:21:28.89589+00', '2024-08-07 16:21:28.89589+00', 'password', 'b4ccddd0-2b82-43a6-bd8f-dedc8bac57e5'),
	('8eb3c298-3448-4321-8c5c-07cdef8f0611', '2024-08-07 16:23:44.796431+00', '2024-08-07 16:23:44.796431+00', 'password', '0d817a8b-3199-4d77-a5cb-8f48bb14de3a'),
	('f1630cd2-e19c-4344-9576-2ebb2c043ddf', '2024-08-07 16:41:41.743027+00', '2024-08-07 16:41:41.743027+00', 'password', '38fe531d-d4d8-45ea-a15c-e308d4e45e1f'),
	('1c37b3de-306a-4b4c-9f41-68c96928a0e0', '2024-08-07 16:55:23.999703+00', '2024-08-07 16:55:23.999703+00', 'password', '65e72ec8-6c77-4abf-964d-17e976479b27'),
	('14117a59-aefc-4d63-b1c1-72f04d838f82', '2024-08-07 17:01:40.68071+00', '2024-08-07 17:01:40.68071+00', 'password', 'bc60ceee-917b-4b5b-bc30-ac3bf263eb1b'),
	('801efe19-fef8-483b-b780-27665ab59394', '2024-08-07 17:02:11.415231+00', '2024-08-07 17:02:11.415231+00', 'password', 'becfddb1-7ee4-4d65-a3ae-6b909df0abe1'),
	('f12b88b0-5652-4ec5-aa91-17371dd43702', '2024-08-07 17:10:20.716922+00', '2024-08-07 17:10:20.716922+00', 'password', 'e3b62341-5c19-44b4-9303-72a023966d47'),
	('cb56449f-b90d-49ff-b136-ed2e39807c67', '2024-08-07 17:11:07.134942+00', '2024-08-07 17:11:07.134942+00', 'password', '71265eba-c1d1-4660-8271-3069997b6eef'),
	('5474819f-41a3-4a1d-a630-0c26535e3d8b', '2024-08-07 17:36:34.437569+00', '2024-08-07 17:36:34.437569+00', 'password', '9abbc9a6-13f0-4709-bfe2-0532547afd87'),
	('7d02ebca-94f7-4db1-9baf-d999db1ff0a1', '2024-08-07 17:38:34.893128+00', '2024-08-07 17:38:34.893128+00', 'password', '19717048-810c-4264-90aa-756abf47411c'),
	('b5dbebee-3a36-4afb-aedd-9ed9a3888370', '2024-08-07 17:43:42.399738+00', '2024-08-07 17:43:42.399738+00', 'password', 'aa88ef7c-6f3c-400a-b753-80add7fc5fc5'),
	('af16f596-ff75-4ff0-8701-925913a12d4d', '2024-08-07 17:53:11.737848+00', '2024-08-07 17:53:11.737848+00', 'password', '70982a1b-b9e3-48c6-91b2-bc600e639fde'),
	('5b2c1d11-398c-4078-9768-25b9bbbf5946', '2024-08-07 17:55:18.867942+00', '2024-08-07 17:55:18.867942+00', 'password', 'aeb98363-5b9e-4bad-8e65-47c0015285e2'),
	('8ba58e00-7e10-4e56-812d-9c3dc859e034', '2024-08-07 18:01:55.933945+00', '2024-08-07 18:01:55.933945+00', 'password', '9de2372b-81b7-43cc-8c6b-f273934b96e8'),
	('9bfce7a8-d216-4021-b5fd-39788ad0f5ea', '2024-08-07 18:10:27.626039+00', '2024-08-07 18:10:27.626039+00', 'password', 'bf5ffce8-274e-484b-a86c-e075a3f30de2'),
	('03ab9b56-d608-4e39-8816-a624978d53e6', '2024-08-07 18:12:10.930999+00', '2024-08-07 18:12:10.930999+00', 'password', '7d6d23b6-e4ff-4cef-add6-e957b81207e0'),
	('25245a01-c22b-4e65-8fb4-20a7c1c6cd7f', '2024-08-07 18:16:46.328506+00', '2024-08-07 18:16:46.328506+00', 'password', '715e8328-1900-4a72-9154-b9b453ad3ef3'),
	('f038b71b-c880-4bc6-816e-764a4afea436', '2024-08-07 18:17:35.037082+00', '2024-08-07 18:17:35.037082+00', 'password', 'f94d1440-5aeb-4915-ba6b-df08b95b05c5'),
	('8640d2af-c122-40ab-9bbe-b110f8576af9', '2024-08-07 18:30:10.324106+00', '2024-08-07 18:30:10.324106+00', 'password', '36f00abe-85c2-419c-88e7-8cb25dc81ceb'),
	('5b2703f2-70e4-4d85-b798-21746c45e312', '2024-08-07 18:36:47.395043+00', '2024-08-07 18:36:47.395043+00', 'password', '220d779e-a1ee-4019-b85b-aabbab1bd6b4'),
	('ed3edd21-cdc1-4272-a611-c76548141d36', '2024-08-07 18:38:05.096419+00', '2024-08-07 18:38:05.096419+00', 'password', '6794d5d6-ca88-49b4-b47c-5e063aec4a7d'),
	('200cac3e-c9e9-4d58-87e7-b827591a25d7', '2024-08-07 18:38:35.585041+00', '2024-08-07 18:38:35.585041+00', 'password', 'b2906e87-0af4-4fe1-bbfb-b3b8599acd0b'),
	('55870699-2b8f-4e6f-bbb7-f09029f98b81', '2024-08-07 18:49:15.480049+00', '2024-08-07 18:49:15.480049+00', 'password', '8c6f60c7-6179-4534-a74b-40966ff226c7'),
	('bb41cb26-ee03-43ec-aa27-91758450ec23', '2024-08-07 18:53:34.403874+00', '2024-08-07 18:53:34.403874+00', 'password', 'd93865e1-83af-4f91-92fd-79f4ef2da492'),
	('247ec9a2-b5f3-4ea4-bbfa-5baf50963474', '2024-08-07 18:56:00.489909+00', '2024-08-07 18:56:00.489909+00', 'password', '68bf0e01-2b91-4448-8bcf-a288597be408'),
	('0291b4e9-036a-46f7-99a2-08386d18a4f2', '2024-08-07 19:04:35.121171+00', '2024-08-07 19:04:35.121171+00', 'password', 'f7e14dc5-7a51-49a5-a3fd-8a9cc693d5a6'),
	('0ae63ad6-c235-4d87-8e1f-82a2715f6847', '2024-08-07 19:06:43.16604+00', '2024-08-07 19:06:43.16604+00', 'password', '2d25c0bc-7289-491d-8a90-36755c6cb1a9'),
	('53e234b8-dfeb-4048-8b7c-00c9a32fe107', '2024-08-07 19:11:08.092225+00', '2024-08-07 19:11:08.092225+00', 'password', 'bd6350bb-c4d7-4d3d-a53c-7a137ebbf34e'),
	('113db790-4d0a-406c-927d-f821afab0d30', '2024-08-07 19:12:37.497334+00', '2024-08-07 19:12:37.497334+00', 'password', '864c9bad-6068-4f32-ab22-0f0d1f2d4c09'),
	('6f137ad3-b05e-47dd-b8da-8355047cbbf3', '2024-08-07 19:16:58.913265+00', '2024-08-07 19:16:58.913265+00', 'password', 'f74703ff-e81a-4049-badb-1f05d870e47c'),
	('b37dda2f-1ac1-4eb7-acbf-03005d966e52', '2024-08-07 20:04:43.532805+00', '2024-08-07 20:04:43.532805+00', 'password', '91f6952f-d67c-424a-b778-39167977be52'),
	('c9b2ee6d-087d-4c24-9d03-722f3ca1081f', '2024-08-07 20:28:44.089061+00', '2024-08-07 20:28:44.089061+00', 'password', 'bc084f21-9513-4155-9ccc-8b3e66b23d26'),
	('54983c0a-d6d2-4b8a-a8cd-5e8dfcb738e0', '2024-08-07 20:36:55.117055+00', '2024-08-07 20:36:55.117055+00', 'password', '781ec9c2-bdde-4742-84a4-3549b9f66820'),
	('8a88c4bc-14e1-4e34-ba45-f0e837755a8a', '2024-08-07 20:38:29.0079+00', '2024-08-07 20:38:29.0079+00', 'password', '31d9941b-b14c-48b8-b7a7-2c892cc6d3ce'),
	('d01917f4-963e-4c59-bcc1-741f8ede2f30', '2024-08-07 20:39:10.878121+00', '2024-08-07 20:39:10.878121+00', 'password', '25adb2bf-b381-459b-91fd-3c98d38c5f3f'),
	('d69ebb88-53e8-4aba-9384-fdd09dff7d6f', '2024-08-07 20:49:33.87847+00', '2024-08-07 20:49:33.87847+00', 'password', 'aa46ebf9-a783-43d6-b433-cc70049a118b'),
	('493af3c0-4a90-4e4a-b41c-649c5deb82a3', '2024-08-07 21:16:00.032887+00', '2024-08-07 21:16:00.032887+00', 'password', '92d980a1-5372-45fe-a9b4-676a2fc8b95a'),
	('21f6ea9b-a3f0-44f8-b486-e7bfc23ee8da', '2024-08-07 21:22:20.041737+00', '2024-08-07 21:22:20.041737+00', 'password', '0c0f2324-efee-42a2-bd1b-b2a6eb405690'),
	('4768e506-4e4c-4f35-a1a4-10bc5ff3be5f', '2024-08-07 21:35:13.809968+00', '2024-08-07 21:35:13.809968+00', 'password', '0c5a2975-3c24-47d3-8fee-48a5e674468a'),
	('f56c2948-56c5-473f-ab9c-7ea523ac171c', '2024-08-07 21:48:47.358521+00', '2024-08-07 21:48:47.358521+00', 'password', '4461e1e8-af22-46af-8af6-2c7288a533bf'),
	('5305ce1a-3875-4677-863b-4e5aaa6963b6', '2024-08-09 12:11:48.783868+00', '2024-08-09 12:11:48.783868+00', 'password', '2c6be5e9-bef7-48ab-806b-f776ee461993'),
	('d70b4143-a54a-4e03-a4b2-c7b8118b0687', '2024-08-09 19:26:05.521743+00', '2024-08-09 19:26:05.521743+00', 'password', '3147a59e-2645-4515-95d2-191ea8fd0789');


--
-- Data for Name: mfa_factors; Type: TABLE DATA; Schema: auth; Owner: supabase_auth_admin
--



--
-- Data for Name: mfa_challenges; Type: TABLE DATA; Schema: auth; Owner: supabase_auth_admin
--



--
-- Data for Name: one_time_tokens; Type: TABLE DATA; Schema: auth; Owner: supabase_auth_admin
--



--
-- Data for Name: refresh_tokens; Type: TABLE DATA; Schema: auth; Owner: supabase_auth_admin
--

INSERT INTO "auth"."refresh_tokens" ("instance_id", "id", "token", "user_id", "revoked", "created_at", "updated_at", "parent", "session_id") VALUES
	('00000000-0000-0000-0000-000000000000', 9, 'rwIw_Em9QvUF9DozocwSzg', '0a74ff0c-3af9-41c9-a2b2-551654d71b5b', false, '2024-08-05 14:30:34.380757+00', '2024-08-05 14:30:34.380757+00', NULL, '292642e3-e6eb-4447-88e8-e4f7ef39e079'),
	('00000000-0000-0000-0000-000000000000', 11, 'XPuDuxe-TPiIhZK2cKpVqw', '0a74ff0c-3af9-41c9-a2b2-551654d71b5b', false, '2024-08-05 18:10:02.025136+00', '2024-08-05 18:10:02.025136+00', NULL, '1e2afd9a-8796-4e0a-bf59-a6c4f5188e1d'),
	('00000000-0000-0000-0000-000000000000', 12, 'pLnvnWV5RwxQD2LP-dqnnQ', '56e74a13-011a-4bef-8587-b3f50be2be7c', false, '2024-08-05 18:50:37.51484+00', '2024-08-05 18:50:37.51484+00', NULL, 'cf4916e3-10b1-48ab-b689-a9eb3ae55fce'),
	('00000000-0000-0000-0000-000000000000', 13, 'sghNxZTw6CtnRJCRW-8C5Q', '56e74a13-011a-4bef-8587-b3f50be2be7c', false, '2024-08-05 19:02:09.484236+00', '2024-08-05 19:02:09.484236+00', NULL, '5ced447f-5d17-4c86-926d-6c37a8108f6e'),
	('00000000-0000-0000-0000-000000000000', 14, 'LF_0tXpnuz7cnDhz8pG1uQ', '56e74a13-011a-4bef-8587-b3f50be2be7c', false, '2024-08-05 19:02:52.162827+00', '2024-08-05 19:02:52.162827+00', NULL, '2d571427-ee3e-49f3-8466-75a23785f774'),
	('00000000-0000-0000-0000-000000000000', 22, 'HgWv_q63DU4upi9b9jbmbw', 'e2495a4c-62c7-4e75-a5ef-adedf2178e3e', true, '2024-08-05 19:51:42.926886+00', '2024-08-05 21:06:52.013407+00', NULL, '5a1fc034-7f64-4e01-ade2-3a8baed85483'),
	('00000000-0000-0000-0000-000000000000', 23, 'PHEx3bwjWmiYzHmSWzoIeQ', 'e2495a4c-62c7-4e75-a5ef-adedf2178e3e', false, '2024-08-05 21:06:52.016128+00', '2024-08-05 21:06:52.016128+00', 'HgWv_q63DU4upi9b9jbmbw', '5a1fc034-7f64-4e01-ade2-3a8baed85483'),
	('00000000-0000-0000-0000-000000000000', 24, 'zWysvZ3wHGIshz6HFgPuZA', '91016e59-38b7-4055-976c-a8a91c7976e1', false, '2024-08-05 21:07:10.645592+00', '2024-08-05 21:07:10.645592+00', NULL, 'ad4eec85-2923-410a-8f05-8e6f14189069'),
	('00000000-0000-0000-0000-000000000000', 25, 'DkAejdMNjMxCDidZoCbGBw', '91016e59-38b7-4055-976c-a8a91c7976e1', false, '2024-08-05 21:07:31.49047+00', '2024-08-05 21:07:31.49047+00', NULL, 'f144aa1d-6051-424b-8131-f4b9154f35ff'),
	('00000000-0000-0000-0000-000000000000', 26, 'ViRXNyNTGa4v9eX1kZARxg', '28de976b-ec5d-4e63-934a-2ed9952f5cda', false, '2024-08-06 17:25:59.320658+00', '2024-08-06 17:25:59.320658+00', NULL, 'a124d924-823e-428c-b430-28f229e7c713'),
	('00000000-0000-0000-0000-000000000000', 27, 'gX9CMMGM-xiP3whafk4C3Q', '28de976b-ec5d-4e63-934a-2ed9952f5cda', false, '2024-08-06 17:26:02.84025+00', '2024-08-06 17:26:02.84025+00', NULL, '15f69891-ec9a-48af-abda-93878153807a'),
	('00000000-0000-0000-0000-000000000000', 28, 'gZDQKs7lFdYFv0jynZJE_g', '13c5aeb5-8a86-409c-8aab-987c80775445', false, '2024-08-06 17:26:48.861415+00', '2024-08-06 17:26:48.861415+00', NULL, '86394f77-1569-4336-8097-06ea5a5892d3'),
	('00000000-0000-0000-0000-000000000000', 29, 'jkswLJKIUQrKn2i-6jBQrQ', '28de976b-ec5d-4e63-934a-2ed9952f5cda', false, '2024-08-06 17:29:16.208669+00', '2024-08-06 17:29:16.208669+00', NULL, 'ed4909c9-3f23-42d0-98c2-38c44fc2a1ad'),
	('00000000-0000-0000-0000-000000000000', 30, 'D_XeFZN_FcSLo8b4U8pT6Q', '28de976b-ec5d-4e63-934a-2ed9952f5cda', false, '2024-08-06 17:31:09.778283+00', '2024-08-06 17:31:09.778283+00', NULL, '824bfef8-df11-4c8c-b905-97722aaead14'),
	('00000000-0000-0000-0000-000000000000', 31, 'DRHMGVegI7_jID0ejIWtGw', '28de976b-ec5d-4e63-934a-2ed9952f5cda', false, '2024-08-06 17:32:07.128894+00', '2024-08-06 17:32:07.128894+00', NULL, '1dfa3954-3ec2-4bc5-b582-95aa29cc4cf3'),
	('00000000-0000-0000-0000-000000000000', 32, 'u7Mz6FdaCfWWIXhWHhQ7Iw', 'e2495a4c-62c7-4e75-a5ef-adedf2178e3e', false, '2024-08-06 17:38:18.877372+00', '2024-08-06 17:38:18.877372+00', NULL, '5db19b76-899d-41d8-a90c-41e7e2feed7d'),
	('00000000-0000-0000-0000-000000000000', 33, '9haEJeer8Ev94J1tToVoBw', '13c5aeb5-8a86-409c-8aab-987c80775445', false, '2024-08-06 17:40:44.641989+00', '2024-08-06 17:40:44.641989+00', NULL, '7a8a84cc-795d-481a-bdad-11fc0d048b2d'),
	('00000000-0000-0000-0000-000000000000', 34, 'sjqlOJkEyHupHnXtFiEzMw', '13c5aeb5-8a86-409c-8aab-987c80775445', true, '2024-08-06 17:56:09.67636+00', '2024-08-06 18:56:09.533662+00', NULL, 'f5f177c5-e277-4659-950c-9a74b7d2c3e8'),
	('00000000-0000-0000-0000-000000000000', 35, 'NcCOv2rc_Iw7L099OwQq1g', '13c5aeb5-8a86-409c-8aab-987c80775445', true, '2024-08-06 18:56:09.538381+00', '2024-08-06 19:56:10.187735+00', 'sjqlOJkEyHupHnXtFiEzMw', 'f5f177c5-e277-4659-950c-9a74b7d2c3e8'),
	('00000000-0000-0000-0000-000000000000', 36, 'IICEpELZKKMD5KZ2QxKZOg', '13c5aeb5-8a86-409c-8aab-987c80775445', true, '2024-08-06 19:56:10.189993+00', '2024-08-06 20:57:09.489659+00', 'NcCOv2rc_Iw7L099OwQq1g', 'f5f177c5-e277-4659-950c-9a74b7d2c3e8'),
	('00000000-0000-0000-0000-000000000000', 37, 'xv_iOEy8whlk269CdREt6A', '13c5aeb5-8a86-409c-8aab-987c80775445', true, '2024-08-06 20:57:09.49148+00', '2024-08-06 21:57:09.530747+00', 'IICEpELZKKMD5KZ2QxKZOg', 'f5f177c5-e277-4659-950c-9a74b7d2c3e8'),
	('00000000-0000-0000-0000-000000000000', 38, '-Bvfh5tLVc5hxn8KCa59Hg', '13c5aeb5-8a86-409c-8aab-987c80775445', true, '2024-08-06 21:57:09.53301+00', '2024-08-06 22:57:09.572378+00', 'xv_iOEy8whlk269CdREt6A', 'f5f177c5-e277-4659-950c-9a74b7d2c3e8'),
	('00000000-0000-0000-0000-000000000000', 39, 'XDR2ZjacH9OgyWwVtwNy0w', '13c5aeb5-8a86-409c-8aab-987c80775445', true, '2024-08-06 22:57:09.574146+00', '2024-08-06 23:58:24.765554+00', '-Bvfh5tLVc5hxn8KCa59Hg', 'f5f177c5-e277-4659-950c-9a74b7d2c3e8'),
	('00000000-0000-0000-0000-000000000000', 40, 'nZHhFotqu3uliTp_m8rjYw', '13c5aeb5-8a86-409c-8aab-987c80775445', true, '2024-08-06 23:58:24.767262+00', '2024-08-07 01:14:01.363974+00', 'XDR2ZjacH9OgyWwVtwNy0w', 'f5f177c5-e277-4659-950c-9a74b7d2c3e8'),
	('00000000-0000-0000-0000-000000000000', 41, 'vrkf9ryC3XFOJpGdrmNEtQ', '13c5aeb5-8a86-409c-8aab-987c80775445', true, '2024-08-07 01:14:01.365633+00', '2024-08-07 02:14:13.270248+00', 'nZHhFotqu3uliTp_m8rjYw', 'f5f177c5-e277-4659-950c-9a74b7d2c3e8'),
	('00000000-0000-0000-0000-000000000000', 42, 'N0sZg2cdgQjDVgWdyCcIBw', '13c5aeb5-8a86-409c-8aab-987c80775445', true, '2024-08-07 02:14:13.272858+00', '2024-08-07 03:32:21.852827+00', 'vrkf9ryC3XFOJpGdrmNEtQ', 'f5f177c5-e277-4659-950c-9a74b7d2c3e8'),
	('00000000-0000-0000-0000-000000000000', 43, 'BPumC9r15cUL-Lli4ccaYQ', '13c5aeb5-8a86-409c-8aab-987c80775445', true, '2024-08-07 03:32:21.855033+00', '2024-08-07 04:44:26.739693+00', 'N0sZg2cdgQjDVgWdyCcIBw', 'f5f177c5-e277-4659-950c-9a74b7d2c3e8'),
	('00000000-0000-0000-0000-000000000000', 44, 'Q5be9XmEtxPmRoqWeDUtng', '13c5aeb5-8a86-409c-8aab-987c80775445', true, '2024-08-07 04:44:26.742043+00', '2024-08-07 05:45:11.643994+00', 'BPumC9r15cUL-Lli4ccaYQ', 'f5f177c5-e277-4659-950c-9a74b7d2c3e8'),
	('00000000-0000-0000-0000-000000000000', 45, 'c3hFmVhdWneJlvVcB23Iog', '13c5aeb5-8a86-409c-8aab-987c80775445', true, '2024-08-07 05:45:11.646153+00', '2024-08-07 06:55:39.213385+00', 'Q5be9XmEtxPmRoqWeDUtng', 'f5f177c5-e277-4659-950c-9a74b7d2c3e8'),
	('00000000-0000-0000-0000-000000000000', 46, '5PSarW2_HiGfEDHfnvq--A', '13c5aeb5-8a86-409c-8aab-987c80775445', true, '2024-08-07 06:55:39.220561+00', '2024-08-07 08:04:36.061631+00', 'c3hFmVhdWneJlvVcB23Iog', 'f5f177c5-e277-4659-950c-9a74b7d2c3e8'),
	('00000000-0000-0000-0000-000000000000', 47, 'tmtuYnuK5B9er0yv4dtHpA', '13c5aeb5-8a86-409c-8aab-987c80775445', true, '2024-08-07 08:04:36.065209+00', '2024-08-07 09:08:24.133169+00', '5PSarW2_HiGfEDHfnvq--A', 'f5f177c5-e277-4659-950c-9a74b7d2c3e8'),
	('00000000-0000-0000-0000-000000000000', 48, 'Vf0K-VM--Wmc0McZrfBdFA', '13c5aeb5-8a86-409c-8aab-987c80775445', true, '2024-08-07 09:08:24.136069+00', '2024-08-07 10:08:42.877778+00', 'tmtuYnuK5B9er0yv4dtHpA', 'f5f177c5-e277-4659-950c-9a74b7d2c3e8'),
	('00000000-0000-0000-0000-000000000000', 49, 'ZfuK6SeJkxn1ieIdmW2UXw', '13c5aeb5-8a86-409c-8aab-987c80775445', true, '2024-08-07 10:08:42.879651+00', '2024-08-07 11:26:22.504513+00', 'Vf0K-VM--Wmc0McZrfBdFA', 'f5f177c5-e277-4659-950c-9a74b7d2c3e8'),
	('00000000-0000-0000-0000-000000000000', 50, '1LmKXWE2m6sy2yNo6j7ndQ', '13c5aeb5-8a86-409c-8aab-987c80775445', true, '2024-08-07 11:26:22.507579+00', '2024-08-07 13:04:33.980848+00', 'ZfuK6SeJkxn1ieIdmW2UXw', 'f5f177c5-e277-4659-950c-9a74b7d2c3e8'),
	('00000000-0000-0000-0000-000000000000', 51, 'eyz6i1KJ4_Teh9WwskRSFw', '13c5aeb5-8a86-409c-8aab-987c80775445', true, '2024-08-07 13:04:33.983898+00', '2024-08-07 16:17:59.42395+00', '1LmKXWE2m6sy2yNo6j7ndQ', 'f5f177c5-e277-4659-950c-9a74b7d2c3e8'),
	('00000000-0000-0000-0000-000000000000', 52, 'TCt-LwCO3vB870k7IAl0BA', '13c5aeb5-8a86-409c-8aab-987c80775445', false, '2024-08-07 16:17:59.425881+00', '2024-08-07 16:17:59.425881+00', 'eyz6i1KJ4_Teh9WwskRSFw', 'f5f177c5-e277-4659-950c-9a74b7d2c3e8'),
	('00000000-0000-0000-0000-000000000000', 53, 'kTHNWT5bXC8PbgEEAhE2iQ', '28de976b-ec5d-4e63-934a-2ed9952f5cda', false, '2024-08-07 16:21:28.890801+00', '2024-08-07 16:21:28.890801+00', NULL, '53d5f0d4-5fe2-41a6-8678-5f1eec74858c'),
	('00000000-0000-0000-0000-000000000000', 54, 'QWR7oPSxM0uohvbPFJZhkw', '13c5aeb5-8a86-409c-8aab-987c80775445', false, '2024-08-07 16:23:44.791734+00', '2024-08-07 16:23:44.791734+00', NULL, '8eb3c298-3448-4321-8c5c-07cdef8f0611'),
	('00000000-0000-0000-0000-000000000000', 55, 'n-8Btcc7EEjl-bibMSMikw', '28de976b-ec5d-4e63-934a-2ed9952f5cda', false, '2024-08-07 16:41:41.736388+00', '2024-08-07 16:41:41.736388+00', NULL, 'f1630cd2-e19c-4344-9576-2ebb2c043ddf'),
	('00000000-0000-0000-0000-000000000000', 56, 'LkeOYN_eaz4p-WxxWchHPA', '28de976b-ec5d-4e63-934a-2ed9952f5cda', false, '2024-08-07 16:55:23.992283+00', '2024-08-07 16:55:23.992283+00', NULL, '1c37b3de-306a-4b4c-9f41-68c96928a0e0'),
	('00000000-0000-0000-0000-000000000000', 57, 'nyA3SSeOvVT6ze4rgAxGbw', '28de976b-ec5d-4e63-934a-2ed9952f5cda', false, '2024-08-07 17:01:40.676308+00', '2024-08-07 17:01:40.676308+00', NULL, '14117a59-aefc-4d63-b1c1-72f04d838f82'),
	('00000000-0000-0000-0000-000000000000', 58, 'Juz5jOAuem-RRCGvbQAhqg', '28de976b-ec5d-4e63-934a-2ed9952f5cda', false, '2024-08-07 17:02:11.4133+00', '2024-08-07 17:02:11.4133+00', NULL, '801efe19-fef8-483b-b780-27665ab59394'),
	('00000000-0000-0000-0000-000000000000', 59, 'KST7OeU-K0NDww2Zy_geCg', '28de976b-ec5d-4e63-934a-2ed9952f5cda', false, '2024-08-07 17:10:20.711264+00', '2024-08-07 17:10:20.711264+00', NULL, 'f12b88b0-5652-4ec5-aa91-17371dd43702'),
	('00000000-0000-0000-0000-000000000000', 60, 'vwVwqiqVG6u4oFXE3xHz_w', '28de976b-ec5d-4e63-934a-2ed9952f5cda', false, '2024-08-07 17:11:07.13363+00', '2024-08-07 17:11:07.13363+00', NULL, 'cb56449f-b90d-49ff-b136-ed2e39807c67'),
	('00000000-0000-0000-0000-000000000000', 61, 'hkKp9R6drUMrgqrXl1JxVg', '28de976b-ec5d-4e63-934a-2ed9952f5cda', false, '2024-08-07 17:36:34.430461+00', '2024-08-07 17:36:34.430461+00', NULL, '5474819f-41a3-4a1d-a630-0c26535e3d8b'),
	('00000000-0000-0000-0000-000000000000', 62, 'Oaj4NBeR60Jz3emuI8koeA', '28de976b-ec5d-4e63-934a-2ed9952f5cda', false, '2024-08-07 17:38:34.888653+00', '2024-08-07 17:38:34.888653+00', NULL, '7d02ebca-94f7-4db1-9baf-d999db1ff0a1'),
	('00000000-0000-0000-0000-000000000000', 63, 'pUoo1Hw3sHC-3VHn9umlUQ', '28de976b-ec5d-4e63-934a-2ed9952f5cda', false, '2024-08-07 17:43:42.394178+00', '2024-08-07 17:43:42.394178+00', NULL, 'b5dbebee-3a36-4afb-aedd-9ed9a3888370'),
	('00000000-0000-0000-0000-000000000000', 64, '8U5S_7mZkovCm-gWPzH3tg', '28de976b-ec5d-4e63-934a-2ed9952f5cda', false, '2024-08-07 17:53:11.733218+00', '2024-08-07 17:53:11.733218+00', NULL, 'af16f596-ff75-4ff0-8701-925913a12d4d'),
	('00000000-0000-0000-0000-000000000000', 65, 'mUf1dg5JC4zoxMEjwem_bg', '28de976b-ec5d-4e63-934a-2ed9952f5cda', false, '2024-08-07 17:55:18.859652+00', '2024-08-07 17:55:18.859652+00', NULL, '5b2c1d11-398c-4078-9768-25b9bbbf5946'),
	('00000000-0000-0000-0000-000000000000', 66, 'Zg9biBDziJO7M5Jfh8hQTg', '28de976b-ec5d-4e63-934a-2ed9952f5cda', false, '2024-08-07 18:01:55.928515+00', '2024-08-07 18:01:55.928515+00', NULL, '8ba58e00-7e10-4e56-812d-9c3dc859e034'),
	('00000000-0000-0000-0000-000000000000', 67, 'sYqIqJ6RU8OyZnF-mNtNeA', '28de976b-ec5d-4e63-934a-2ed9952f5cda', false, '2024-08-07 18:10:27.6219+00', '2024-08-07 18:10:27.6219+00', NULL, '9bfce7a8-d216-4021-b5fd-39788ad0f5ea'),
	('00000000-0000-0000-0000-000000000000', 68, 'gzHzgT7pc550qhHDw3dxpg', '28de976b-ec5d-4e63-934a-2ed9952f5cda', false, '2024-08-07 18:12:10.929055+00', '2024-08-07 18:12:10.929055+00', NULL, '03ab9b56-d608-4e39-8816-a624978d53e6'),
	('00000000-0000-0000-0000-000000000000', 69, 'l4gLkD30TWMUSEGu48IGkg', '28de976b-ec5d-4e63-934a-2ed9952f5cda', false, '2024-08-07 18:16:46.324335+00', '2024-08-07 18:16:46.324335+00', NULL, '25245a01-c22b-4e65-8fb4-20a7c1c6cd7f'),
	('00000000-0000-0000-0000-000000000000', 70, 'KIsLaTnLpje3HeF6WKhFcw', '28de976b-ec5d-4e63-934a-2ed9952f5cda', false, '2024-08-07 18:17:35.035808+00', '2024-08-07 18:17:35.035808+00', NULL, 'f038b71b-c880-4bc6-816e-764a4afea436'),
	('00000000-0000-0000-0000-000000000000', 71, 'ofwCCIY5gG_tLUDbkzI4zw', '28de976b-ec5d-4e63-934a-2ed9952f5cda', false, '2024-08-07 18:30:10.320831+00', '2024-08-07 18:30:10.320831+00', NULL, '8640d2af-c122-40ab-9bbe-b110f8576af9'),
	('00000000-0000-0000-0000-000000000000', 72, 'GALCz1f8JIy1NUlI-cJF-g', '28de976b-ec5d-4e63-934a-2ed9952f5cda', false, '2024-08-07 18:36:47.390455+00', '2024-08-07 18:36:47.390455+00', NULL, '5b2703f2-70e4-4d85-b798-21746c45e312'),
	('00000000-0000-0000-0000-000000000000', 73, 'TQgwNtzRM5kDsqDYFE0EuA', '28de976b-ec5d-4e63-934a-2ed9952f5cda', false, '2024-08-07 18:38:05.093711+00', '2024-08-07 18:38:05.093711+00', NULL, 'ed3edd21-cdc1-4272-a611-c76548141d36'),
	('00000000-0000-0000-0000-000000000000', 74, 'Izmfl6bkoK6HYQBbrEd3AA', '28de976b-ec5d-4e63-934a-2ed9952f5cda', false, '2024-08-07 18:38:35.581271+00', '2024-08-07 18:38:35.581271+00', NULL, '200cac3e-c9e9-4d58-87e7-b827591a25d7'),
	('00000000-0000-0000-0000-000000000000', 75, '4aycZXnIdosn0XqOnAh4_g', '28de976b-ec5d-4e63-934a-2ed9952f5cda', false, '2024-08-07 18:49:15.474395+00', '2024-08-07 18:49:15.474395+00', NULL, '55870699-2b8f-4e6f-bbb7-f09029f98b81'),
	('00000000-0000-0000-0000-000000000000', 76, 'Oodxbw36E_0Qc1VQ6qeioA', '28de976b-ec5d-4e63-934a-2ed9952f5cda', false, '2024-08-07 18:53:34.398362+00', '2024-08-07 18:53:34.398362+00', NULL, 'bb41cb26-ee03-43ec-aa27-91758450ec23'),
	('00000000-0000-0000-0000-000000000000', 77, '0dFpSvq2OPQDXMSqfdBniA', '28de976b-ec5d-4e63-934a-2ed9952f5cda', false, '2024-08-07 18:56:00.487816+00', '2024-08-07 18:56:00.487816+00', NULL, '247ec9a2-b5f3-4ea4-bbfa-5baf50963474'),
	('00000000-0000-0000-0000-000000000000', 78, 'PtYycPsJmu_JedjsuD0V7g', '28de976b-ec5d-4e63-934a-2ed9952f5cda', false, '2024-08-07 19:04:35.11495+00', '2024-08-07 19:04:35.11495+00', NULL, '0291b4e9-036a-46f7-99a2-08386d18a4f2'),
	('00000000-0000-0000-0000-000000000000', 79, 'ZLOCDU0YKi2esoO7YX6T0g', '28de976b-ec5d-4e63-934a-2ed9952f5cda', false, '2024-08-07 19:06:43.163165+00', '2024-08-07 19:06:43.163165+00', NULL, '0ae63ad6-c235-4d87-8e1f-82a2715f6847'),
	('00000000-0000-0000-0000-000000000000', 80, 'F2hDXCrzFKXhyvzjGiKZRQ', '28de976b-ec5d-4e63-934a-2ed9952f5cda', false, '2024-08-07 19:11:08.086694+00', '2024-08-07 19:11:08.086694+00', NULL, '53e234b8-dfeb-4048-8b7c-00c9a32fe107'),
	('00000000-0000-0000-0000-000000000000', 81, 'onox2_E3GxlaPBVC2ahCgg', '28de976b-ec5d-4e63-934a-2ed9952f5cda', false, '2024-08-07 19:12:37.494875+00', '2024-08-07 19:12:37.494875+00', NULL, '113db790-4d0a-406c-927d-f821afab0d30'),
	('00000000-0000-0000-0000-000000000000', 82, 'vvARkrJKuvJo1hXHB1XUPQ', '28de976b-ec5d-4e63-934a-2ed9952f5cda', false, '2024-08-07 19:16:58.909114+00', '2024-08-07 19:16:58.909114+00', NULL, '6f137ad3-b05e-47dd-b8da-8355047cbbf3'),
	('00000000-0000-0000-0000-000000000000', 83, 'pMjOCtTVaB9op4gdIlgrxA', '28de976b-ec5d-4e63-934a-2ed9952f5cda', false, '2024-08-07 20:04:43.523791+00', '2024-08-07 20:04:43.523791+00', NULL, 'b37dda2f-1ac1-4eb7-acbf-03005d966e52'),
	('00000000-0000-0000-0000-000000000000', 84, 'Ve0Z_Qp1YU1abFeaxrhsFQ', '28de976b-ec5d-4e63-934a-2ed9952f5cda', false, '2024-08-07 20:28:44.084792+00', '2024-08-07 20:28:44.084792+00', NULL, 'c9b2ee6d-087d-4c24-9d03-722f3ca1081f'),
	('00000000-0000-0000-0000-000000000000', 85, 'MIaeUGQ_WxyJnRjLhRRmFA', '28de976b-ec5d-4e63-934a-2ed9952f5cda', false, '2024-08-07 20:36:55.112254+00', '2024-08-07 20:36:55.112254+00', NULL, '54983c0a-d6d2-4b8a-a8cd-5e8dfcb738e0'),
	('00000000-0000-0000-0000-000000000000', 86, 'Eyt0XVigT2E0DO_ol2snCw', '13c5aeb5-8a86-409c-8aab-987c80775445', false, '2024-08-07 20:38:29.005829+00', '2024-08-07 20:38:29.005829+00', NULL, '8a88c4bc-14e1-4e34-ba45-f0e837755a8a'),
	('00000000-0000-0000-0000-000000000000', 87, 'UX_Z4_72zbleRI7mhD_1gQ', '91016e59-38b7-4055-976c-a8a91c7976e1', false, '2024-08-07 20:39:10.874767+00', '2024-08-07 20:39:10.874767+00', NULL, 'd01917f4-963e-4c59-bcc1-741f8ede2f30'),
	('00000000-0000-0000-0000-000000000000', 88, '7MnJTltTf7cW_PEpDv0eSw', '28de976b-ec5d-4e63-934a-2ed9952f5cda', false, '2024-08-07 20:49:33.871475+00', '2024-08-07 20:49:33.871475+00', NULL, 'd69ebb88-53e8-4aba-9384-fdd09dff7d6f'),
	('00000000-0000-0000-0000-000000000000', 89, 'opRxIqBeWoSgh_eQCtaKyg', '28de976b-ec5d-4e63-934a-2ed9952f5cda', false, '2024-08-07 21:16:00.027489+00', '2024-08-07 21:16:00.027489+00', NULL, '493af3c0-4a90-4e4a-b41c-649c5deb82a3'),
	('00000000-0000-0000-0000-000000000000', 90, 'TVsIhgQ-yU4NYxfTdyAAdQ', '28de976b-ec5d-4e63-934a-2ed9952f5cda', false, '2024-08-07 21:22:20.037376+00', '2024-08-07 21:22:20.037376+00', NULL, '21f6ea9b-a3f0-44f8-b486-e7bfc23ee8da'),
	('00000000-0000-0000-0000-000000000000', 91, 's0oRO10SRN-bg9zZQInKng', '28de976b-ec5d-4e63-934a-2ed9952f5cda', false, '2024-08-07 21:35:13.803632+00', '2024-08-07 21:35:13.803632+00', NULL, '4768e506-4e4c-4f35-a1a4-10bc5ff3be5f'),
	('00000000-0000-0000-0000-000000000000', 92, 'k81AAQcj6DGKVaLtJrL0Ug', '28de976b-ec5d-4e63-934a-2ed9952f5cda', true, '2024-08-07 21:48:47.354079+00', '2024-08-07 22:49:09.103434+00', NULL, 'f56c2948-56c5-473f-ab9c-7ea523ac171c'),
	('00000000-0000-0000-0000-000000000000', 93, 'bjYjDKnVGYDl02MQPSdeoA', '28de976b-ec5d-4e63-934a-2ed9952f5cda', true, '2024-08-07 22:49:09.109361+00', '2024-08-08 00:04:27.243565+00', 'k81AAQcj6DGKVaLtJrL0Ug', 'f56c2948-56c5-473f-ab9c-7ea523ac171c'),
	('00000000-0000-0000-0000-000000000000', 94, 'Jbl5066isrsmCjFJaOCvpw', '28de976b-ec5d-4e63-934a-2ed9952f5cda', true, '2024-08-08 00:04:27.248633+00', '2024-08-08 01:04:46.805767+00', 'bjYjDKnVGYDl02MQPSdeoA', 'f56c2948-56c5-473f-ab9c-7ea523ac171c'),
	('00000000-0000-0000-0000-000000000000', 95, '4S_rw3Oc0ftsKFl2BBr5kw', '28de976b-ec5d-4e63-934a-2ed9952f5cda', true, '2024-08-08 01:04:46.808601+00', '2024-08-08 02:21:58.472864+00', 'Jbl5066isrsmCjFJaOCvpw', 'f56c2948-56c5-473f-ab9c-7ea523ac171c'),
	('00000000-0000-0000-0000-000000000000', 96, '7Wz1J0A57SniUx27PewDOA', '28de976b-ec5d-4e63-934a-2ed9952f5cda', true, '2024-08-08 02:21:58.476113+00', '2024-08-08 03:28:00.553851+00', '4S_rw3Oc0ftsKFl2BBr5kw', 'f56c2948-56c5-473f-ab9c-7ea523ac171c'),
	('00000000-0000-0000-0000-000000000000', 97, 'fR11VuRd9cQRC6B2tA5X9Q', '28de976b-ec5d-4e63-934a-2ed9952f5cda', true, '2024-08-08 03:28:00.557206+00', '2024-08-08 04:39:17.312931+00', '7Wz1J0A57SniUx27PewDOA', 'f56c2948-56c5-473f-ab9c-7ea523ac171c'),
	('00000000-0000-0000-0000-000000000000', 98, '4jKqV6TY7k27uq-ZSSe-Wg', '28de976b-ec5d-4e63-934a-2ed9952f5cda', true, '2024-08-08 04:39:17.314785+00', '2024-08-08 05:54:59.916211+00', 'fR11VuRd9cQRC6B2tA5X9Q', 'f56c2948-56c5-473f-ab9c-7ea523ac171c'),
	('00000000-0000-0000-0000-000000000000', 99, 'cxhwmJpZuCdv-pxtnXer3Q', '28de976b-ec5d-4e63-934a-2ed9952f5cda', true, '2024-08-08 05:54:59.918297+00', '2024-08-08 07:09:26.239931+00', '4jKqV6TY7k27uq-ZSSe-Wg', 'f56c2948-56c5-473f-ab9c-7ea523ac171c'),
	('00000000-0000-0000-0000-000000000000', 100, 'Eq7_DJSvnkxEYqUhF1x98Q', '28de976b-ec5d-4e63-934a-2ed9952f5cda', true, '2024-08-08 07:09:26.244724+00', '2024-08-08 08:10:04.434321+00', 'cxhwmJpZuCdv-pxtnXer3Q', 'f56c2948-56c5-473f-ab9c-7ea523ac171c'),
	('00000000-0000-0000-0000-000000000000', 101, 'FdgoLgNJb2_ejL_gkUVsUg', '28de976b-ec5d-4e63-934a-2ed9952f5cda', true, '2024-08-08 08:10:04.436684+00', '2024-08-08 09:10:04.517313+00', 'Eq7_DJSvnkxEYqUhF1x98Q', 'f56c2948-56c5-473f-ab9c-7ea523ac171c'),
	('00000000-0000-0000-0000-000000000000', 102, 'UI0ImQo-BpRZUgNMbUBY1g', '28de976b-ec5d-4e63-934a-2ed9952f5cda', true, '2024-08-08 09:10:04.521209+00', '2024-08-08 10:10:25.259708+00', 'FdgoLgNJb2_ejL_gkUVsUg', 'f56c2948-56c5-473f-ab9c-7ea523ac171c'),
	('00000000-0000-0000-0000-000000000000', 103, 'H-l8i4fRCp0VVN7hEQiffg', '28de976b-ec5d-4e63-934a-2ed9952f5cda', true, '2024-08-08 10:10:25.263391+00', '2024-08-08 11:11:25.381737+00', 'UI0ImQo-BpRZUgNMbUBY1g', 'f56c2948-56c5-473f-ab9c-7ea523ac171c'),
	('00000000-0000-0000-0000-000000000000', 104, 'Qcr3ejSedLBG9BUXkDX4NA', '28de976b-ec5d-4e63-934a-2ed9952f5cda', true, '2024-08-08 11:11:25.387233+00', '2024-08-08 12:16:21.805477+00', 'H-l8i4fRCp0VVN7hEQiffg', 'f56c2948-56c5-473f-ab9c-7ea523ac171c'),
	('00000000-0000-0000-0000-000000000000', 105, 'ovD09EvP7reGCNyQjPnBvw', '28de976b-ec5d-4e63-934a-2ed9952f5cda', true, '2024-08-08 12:16:21.807322+00', '2024-08-08 13:16:21.604471+00', 'Qcr3ejSedLBG9BUXkDX4NA', 'f56c2948-56c5-473f-ab9c-7ea523ac171c'),
	('00000000-0000-0000-0000-000000000000', 106, '4yctnmsSEoEOyap8dvFK1g', '28de976b-ec5d-4e63-934a-2ed9952f5cda', true, '2024-08-08 13:16:21.606669+00', '2024-08-08 14:28:14.343536+00', 'ovD09EvP7reGCNyQjPnBvw', 'f56c2948-56c5-473f-ab9c-7ea523ac171c'),
	('00000000-0000-0000-0000-000000000000', 107, 'mW03noIpOzsXKLUWbM4j2g', '28de976b-ec5d-4e63-934a-2ed9952f5cda', true, '2024-08-08 14:28:14.346993+00', '2024-08-08 15:38:13.979119+00', '4yctnmsSEoEOyap8dvFK1g', 'f56c2948-56c5-473f-ab9c-7ea523ac171c'),
	('00000000-0000-0000-0000-000000000000', 108, 'ayWchCFEHBM3JXV6sMyIxA', '28de976b-ec5d-4e63-934a-2ed9952f5cda', true, '2024-08-08 15:38:13.982204+00', '2024-08-08 16:53:11.788868+00', 'mW03noIpOzsXKLUWbM4j2g', 'f56c2948-56c5-473f-ab9c-7ea523ac171c'),
	('00000000-0000-0000-0000-000000000000', 109, 'DrTlwnAtb3rlbnkGKMMBsw', '28de976b-ec5d-4e63-934a-2ed9952f5cda', true, '2024-08-08 16:53:11.791841+00', '2024-08-08 18:05:18.2384+00', 'ayWchCFEHBM3JXV6sMyIxA', 'f56c2948-56c5-473f-ab9c-7ea523ac171c'),
	('00000000-0000-0000-0000-000000000000', 110, 'pS4DM9l-oxCElv5lT_kqkg', '28de976b-ec5d-4e63-934a-2ed9952f5cda', true, '2024-08-08 18:05:18.241065+00', '2024-08-08 19:06:02.817575+00', 'DrTlwnAtb3rlbnkGKMMBsw', 'f56c2948-56c5-473f-ab9c-7ea523ac171c'),
	('00000000-0000-0000-0000-000000000000', 111, '0EXIeWJjH4s7l7GP66MRMw', '28de976b-ec5d-4e63-934a-2ed9952f5cda', true, '2024-08-08 19:06:02.819955+00', '2024-08-08 20:07:01.690129+00', 'pS4DM9l-oxCElv5lT_kqkg', 'f56c2948-56c5-473f-ab9c-7ea523ac171c'),
	('00000000-0000-0000-0000-000000000000', 112, '0Gjwsl6UrsRoeGM2XaYKKw', '28de976b-ec5d-4e63-934a-2ed9952f5cda', true, '2024-08-08 20:07:01.692851+00', '2024-08-08 21:08:01.289218+00', '0EXIeWJjH4s7l7GP66MRMw', 'f56c2948-56c5-473f-ab9c-7ea523ac171c'),
	('00000000-0000-0000-0000-000000000000', 113, 'ElWAwD0HD6qDzCug8N69Iw', '28de976b-ec5d-4e63-934a-2ed9952f5cda', true, '2024-08-08 21:08:01.292199+00', '2024-08-08 22:09:02.296863+00', '0Gjwsl6UrsRoeGM2XaYKKw', 'f56c2948-56c5-473f-ab9c-7ea523ac171c'),
	('00000000-0000-0000-0000-000000000000', 114, 'Pe_WfBR8oP1tLxqy1Two6A', '28de976b-ec5d-4e63-934a-2ed9952f5cda', true, '2024-08-08 22:09:02.298851+00', '2024-08-08 23:10:01.47259+00', 'ElWAwD0HD6qDzCug8N69Iw', 'f56c2948-56c5-473f-ab9c-7ea523ac171c'),
	('00000000-0000-0000-0000-000000000000', 115, '8qmcnLrqL2LAdjtJ5vltjQ', '28de976b-ec5d-4e63-934a-2ed9952f5cda', true, '2024-08-08 23:10:01.475705+00', '2024-08-09 11:47:45.183718+00', 'Pe_WfBR8oP1tLxqy1Two6A', 'f56c2948-56c5-473f-ab9c-7ea523ac171c'),
	('00000000-0000-0000-0000-000000000000', 116, 'moxTqH-mlUjsYRuxk5zAbw', '28de976b-ec5d-4e63-934a-2ed9952f5cda', false, '2024-08-09 11:47:45.193857+00', '2024-08-09 11:47:45.193857+00', '8qmcnLrqL2LAdjtJ5vltjQ', 'f56c2948-56c5-473f-ab9c-7ea523ac171c'),
	('00000000-0000-0000-0000-000000000000', 117, 'YePPjaKbX3J6V1UCJekxng', '28de976b-ec5d-4e63-934a-2ed9952f5cda', true, '2024-08-09 12:11:48.778721+00', '2024-08-09 13:12:43.19752+00', NULL, '5305ce1a-3875-4677-863b-4e5aaa6963b6'),
	('00000000-0000-0000-0000-000000000000', 118, 'TgZ-VWuI1WRF5b0ZRP0uNA', '28de976b-ec5d-4e63-934a-2ed9952f5cda', true, '2024-08-09 13:12:43.198158+00', '2024-08-09 14:13:44.215639+00', 'YePPjaKbX3J6V1UCJekxng', '5305ce1a-3875-4677-863b-4e5aaa6963b6'),
	('00000000-0000-0000-0000-000000000000', 119, '6UTv4mLOtctSA1dci33dwg', '28de976b-ec5d-4e63-934a-2ed9952f5cda', true, '2024-08-09 14:13:44.216266+00', '2024-08-09 15:14:43.39402+00', 'TgZ-VWuI1WRF5b0ZRP0uNA', '5305ce1a-3875-4677-863b-4e5aaa6963b6'),
	('00000000-0000-0000-0000-000000000000', 120, 'hlOf7tIA9gK8DodwER3qWA', '28de976b-ec5d-4e63-934a-2ed9952f5cda', true, '2024-08-09 15:14:43.39468+00', '2024-08-09 16:15:34.242722+00', '6UTv4mLOtctSA1dci33dwg', '5305ce1a-3875-4677-863b-4e5aaa6963b6'),
	('00000000-0000-0000-0000-000000000000', 121, 'vTTx5-uVHxIR8qLW8rmz2A', '28de976b-ec5d-4e63-934a-2ed9952f5cda', true, '2024-08-09 16:15:34.243426+00', '2024-08-09 17:16:34.028414+00', 'hlOf7tIA9gK8DodwER3qWA', '5305ce1a-3875-4677-863b-4e5aaa6963b6'),
	('00000000-0000-0000-0000-000000000000', 122, 'TZw-vvWguEEGeWooCmDLuQ', '28de976b-ec5d-4e63-934a-2ed9952f5cda', true, '2024-08-09 17:16:34.029072+00', '2024-08-09 18:17:34.261921+00', 'vTTx5-uVHxIR8qLW8rmz2A', '5305ce1a-3875-4677-863b-4e5aaa6963b6'),
	('00000000-0000-0000-0000-000000000000', 123, 'ToTmGgQvb3D8Ks1swEMhgQ', '28de976b-ec5d-4e63-934a-2ed9952f5cda', true, '2024-08-09 18:17:34.262614+00', '2024-08-09 19:18:34.483994+00', 'TZw-vvWguEEGeWooCmDLuQ', '5305ce1a-3875-4677-863b-4e5aaa6963b6'),
	('00000000-0000-0000-0000-000000000000', 124, '4oFqkzu_edBlh_l9yd1vDQ', '28de976b-ec5d-4e63-934a-2ed9952f5cda', false, '2024-08-09 19:18:34.484668+00', '2024-08-09 19:18:34.484668+00', 'ToTmGgQvb3D8Ks1swEMhgQ', '5305ce1a-3875-4677-863b-4e5aaa6963b6'),
	('00000000-0000-0000-0000-000000000000', 125, 'fZ_QLXC_f3GFMyuKreM38A', '28de976b-ec5d-4e63-934a-2ed9952f5cda', true, '2024-08-09 19:26:05.519692+00', '2024-08-09 20:26:34.301545+00', NULL, 'd70b4143-a54a-4e03-a4b2-c7b8118b0687'),
	('00000000-0000-0000-0000-000000000000', 126, 'CTVAMrv_-1kaSPYzuX0NzA', '28de976b-ec5d-4e63-934a-2ed9952f5cda', true, '2024-08-09 20:26:34.302209+00', '2024-08-09 21:27:34.32628+00', 'fZ_QLXC_f3GFMyuKreM38A', 'd70b4143-a54a-4e03-a4b2-c7b8118b0687'),
	('00000000-0000-0000-0000-000000000000', 127, 'iZ8YqUb72ewwI6RBBpmMWg', '28de976b-ec5d-4e63-934a-2ed9952f5cda', true, '2024-08-09 21:27:34.326982+00', '2024-08-09 22:28:34.522074+00', 'CTVAMrv_-1kaSPYzuX0NzA', 'd70b4143-a54a-4e03-a4b2-c7b8118b0687'),
	('00000000-0000-0000-0000-000000000000', 128, 'v4G534Ztp1avadCu5qLmpA', '28de976b-ec5d-4e63-934a-2ed9952f5cda', true, '2024-08-09 22:28:34.522758+00', '2024-08-09 23:38:39.998117+00', 'iZ8YqUb72ewwI6RBBpmMWg', 'd70b4143-a54a-4e03-a4b2-c7b8118b0687'),
	('00000000-0000-0000-0000-000000000000', 129, 'Og1em8uHwd2O_N-PDYDzkw', '28de976b-ec5d-4e63-934a-2ed9952f5cda', true, '2024-08-09 23:38:39.998741+00', '2024-08-10 00:55:07.419398+00', 'v4G534Ztp1avadCu5qLmpA', 'd70b4143-a54a-4e03-a4b2-c7b8118b0687'),
	('00000000-0000-0000-0000-000000000000', 130, 'QsF7YGXBIQytZ43f4uQQYg', '28de976b-ec5d-4e63-934a-2ed9952f5cda', true, '2024-08-10 00:55:07.420048+00', '2024-08-10 01:55:39.958573+00', 'Og1em8uHwd2O_N-PDYDzkw', 'd70b4143-a54a-4e03-a4b2-c7b8118b0687'),
	('00000000-0000-0000-0000-000000000000', 131, '-ZYZ8jY93QbIR2Fp_fOIKw', '28de976b-ec5d-4e63-934a-2ed9952f5cda', true, '2024-08-10 01:55:39.959276+00', '2024-08-10 03:12:23.284415+00', 'QsF7YGXBIQytZ43f4uQQYg', 'd70b4143-a54a-4e03-a4b2-c7b8118b0687'),
	('00000000-0000-0000-0000-000000000000', 132, 'gLUFGrqWamVNbNamk-7eTQ', '28de976b-ec5d-4e63-934a-2ed9952f5cda', true, '2024-08-10 03:12:23.285045+00', '2024-08-10 04:24:43.397162+00', '-ZYZ8jY93QbIR2Fp_fOIKw', 'd70b4143-a54a-4e03-a4b2-c7b8118b0687'),
	('00000000-0000-0000-0000-000000000000', 133, 'g8sNaKOcClP-5WSzdAgkTw', '28de976b-ec5d-4e63-934a-2ed9952f5cda', true, '2024-08-10 04:24:43.397805+00', '2024-08-10 05:28:41.239867+00', 'gLUFGrqWamVNbNamk-7eTQ', 'd70b4143-a54a-4e03-a4b2-c7b8118b0687'),
	('00000000-0000-0000-0000-000000000000', 134, 'kixIeNYnCuMOAv-qGl8ttA', '28de976b-ec5d-4e63-934a-2ed9952f5cda', true, '2024-08-10 05:28:41.240447+00', '2024-08-10 06:33:39.958113+00', 'g8sNaKOcClP-5WSzdAgkTw', 'd70b4143-a54a-4e03-a4b2-c7b8118b0687'),
	('00000000-0000-0000-0000-000000000000', 135, 'LnTG0z6MSLiPUr5b4Bab0w', '28de976b-ec5d-4e63-934a-2ed9952f5cda', true, '2024-08-10 06:33:39.958734+00', '2024-08-10 07:49:35.770921+00', 'kixIeNYnCuMOAv-qGl8ttA', 'd70b4143-a54a-4e03-a4b2-c7b8118b0687'),
	('00000000-0000-0000-0000-000000000000', 136, '_y0FMzCpGu-anZgBQ2o_Fw', '28de976b-ec5d-4e63-934a-2ed9952f5cda', true, '2024-08-10 07:49:35.773442+00', '2024-08-10 08:54:59.729823+00', 'LnTG0z6MSLiPUr5b4Bab0w', 'd70b4143-a54a-4e03-a4b2-c7b8118b0687'),
	('00000000-0000-0000-0000-000000000000', 137, 'w0Y8N7Nuf3UJPlAmsmsoWg', '28de976b-ec5d-4e63-934a-2ed9952f5cda', true, '2024-08-10 08:54:59.731278+00', '2024-08-10 09:56:29.079928+00', '_y0FMzCpGu-anZgBQ2o_Fw', 'd70b4143-a54a-4e03-a4b2-c7b8118b0687'),
	('00000000-0000-0000-0000-000000000000', 138, 'MrazT3tGDGHiML12timWRw', '28de976b-ec5d-4e63-934a-2ed9952f5cda', true, '2024-08-10 09:56:29.082303+00', '2024-08-10 10:57:28.709636+00', 'w0Y8N7Nuf3UJPlAmsmsoWg', 'd70b4143-a54a-4e03-a4b2-c7b8118b0687'),
	('00000000-0000-0000-0000-000000000000', 139, 'N5MvrvE3zfOJ2d1223b9kw', '28de976b-ec5d-4e63-934a-2ed9952f5cda', true, '2024-08-10 10:57:28.714143+00', '2024-08-10 11:57:46.763464+00', 'MrazT3tGDGHiML12timWRw', 'd70b4143-a54a-4e03-a4b2-c7b8118b0687'),
	('00000000-0000-0000-0000-000000000000', 140, 'sbvK6WYw9svAbMLRx8ew8g', '28de976b-ec5d-4e63-934a-2ed9952f5cda', true, '2024-08-10 11:57:46.765653+00', '2024-08-10 12:57:58.511781+00', 'N5MvrvE3zfOJ2d1223b9kw', 'd70b4143-a54a-4e03-a4b2-c7b8118b0687'),
	('00000000-0000-0000-0000-000000000000', 141, '3d8JfJl39BUtecI2GMf3Fg', '28de976b-ec5d-4e63-934a-2ed9952f5cda', true, '2024-08-10 12:57:58.513779+00', '2024-08-10 13:58:22.756093+00', 'sbvK6WYw9svAbMLRx8ew8g', 'd70b4143-a54a-4e03-a4b2-c7b8118b0687'),
	('00000000-0000-0000-0000-000000000000', 142, 'l7eWBRJzdG50ybdwGm_qqg', '28de976b-ec5d-4e63-934a-2ed9952f5cda', true, '2024-08-10 13:58:22.762874+00', '2024-08-10 16:04:52.920649+00', '3d8JfJl39BUtecI2GMf3Fg', 'd70b4143-a54a-4e03-a4b2-c7b8118b0687'),
	('00000000-0000-0000-0000-000000000000', 143, '9muLbkGjLOCXKDLXA_Xc3Q', '28de976b-ec5d-4e63-934a-2ed9952f5cda', true, '2024-08-10 16:04:52.923522+00', '2024-08-10 17:05:47.675131+00', 'l7eWBRJzdG50ybdwGm_qqg', 'd70b4143-a54a-4e03-a4b2-c7b8118b0687'),
	('00000000-0000-0000-0000-000000000000', 144, 'NC1LEImsF2P-U42xlWFj5g', '28de976b-ec5d-4e63-934a-2ed9952f5cda', true, '2024-08-10 17:05:47.678634+00', '2024-08-10 18:05:47.834434+00', '9muLbkGjLOCXKDLXA_Xc3Q', 'd70b4143-a54a-4e03-a4b2-c7b8118b0687'),
	('00000000-0000-0000-0000-000000000000', 145, 'W2clU565LkaX-X_sCgBRjg', '28de976b-ec5d-4e63-934a-2ed9952f5cda', true, '2024-08-10 18:05:47.837137+00', '2024-08-10 19:06:33.178696+00', 'NC1LEImsF2P-U42xlWFj5g', 'd70b4143-a54a-4e03-a4b2-c7b8118b0687'),
	('00000000-0000-0000-0000-000000000000', 146, 'Tvb92N72gB56qWiC_fRsQg', '28de976b-ec5d-4e63-934a-2ed9952f5cda', true, '2024-08-10 19:06:33.180895+00', '2024-08-10 20:06:42.707084+00', 'W2clU565LkaX-X_sCgBRjg', 'd70b4143-a54a-4e03-a4b2-c7b8118b0687'),
	('00000000-0000-0000-0000-000000000000', 147, 'PGd-A11KCqX9xU-abygotQ', '28de976b-ec5d-4e63-934a-2ed9952f5cda', true, '2024-08-10 20:06:42.709965+00', '2024-08-10 21:07:41.040824+00', 'Tvb92N72gB56qWiC_fRsQg', 'd70b4143-a54a-4e03-a4b2-c7b8118b0687'),
	('00000000-0000-0000-0000-000000000000', 148, 'ZhpH1uysjIg3b_zWOyHobg', '28de976b-ec5d-4e63-934a-2ed9952f5cda', true, '2024-08-10 21:07:41.044083+00', '2024-08-10 22:07:56.841773+00', 'PGd-A11KCqX9xU-abygotQ', 'd70b4143-a54a-4e03-a4b2-c7b8118b0687'),
	('00000000-0000-0000-0000-000000000000', 149, 'XdEQjAbrdCQdvsswydpacw', '28de976b-ec5d-4e63-934a-2ed9952f5cda', true, '2024-08-10 22:07:56.845884+00', '2024-08-10 23:08:56.009734+00', 'ZhpH1uysjIg3b_zWOyHobg', 'd70b4143-a54a-4e03-a4b2-c7b8118b0687'),
	('00000000-0000-0000-0000-000000000000', 150, '2LblXpHJbz3f7IDHIRk-UQ', '28de976b-ec5d-4e63-934a-2ed9952f5cda', true, '2024-08-10 23:08:56.011887+00', '2024-08-11 01:30:14.027381+00', 'XdEQjAbrdCQdvsswydpacw', 'd70b4143-a54a-4e03-a4b2-c7b8118b0687'),
	('00000000-0000-0000-0000-000000000000', 151, 'up5ZxIGh9fIMBnwr-91G1w', '28de976b-ec5d-4e63-934a-2ed9952f5cda', true, '2024-08-11 01:30:14.030343+00', '2024-08-11 05:28:02.891542+00', '2LblXpHJbz3f7IDHIRk-UQ', 'd70b4143-a54a-4e03-a4b2-c7b8118b0687'),
	('00000000-0000-0000-0000-000000000000', 152, 'wlKReuZ0RSr1lYD0K9JxxQ', '28de976b-ec5d-4e63-934a-2ed9952f5cda', true, '2024-08-11 05:28:02.897123+00', '2024-08-11 08:41:44.057756+00', 'up5ZxIGh9fIMBnwr-91G1w', 'd70b4143-a54a-4e03-a4b2-c7b8118b0687'),
	('00000000-0000-0000-0000-000000000000', 153, 'bPesvzOlxRB7HVbyaQhmqA', '28de976b-ec5d-4e63-934a-2ed9952f5cda', true, '2024-08-11 08:41:44.062621+00', '2024-08-11 10:32:30.077567+00', 'wlKReuZ0RSr1lYD0K9JxxQ', 'd70b4143-a54a-4e03-a4b2-c7b8118b0687'),
	('00000000-0000-0000-0000-000000000000', 154, 'sksx4oxUOt5axncuM1MJDg', '28de976b-ec5d-4e63-934a-2ed9952f5cda', true, '2024-08-11 10:32:30.08019+00', '2024-08-11 12:00:09.533808+00', 'bPesvzOlxRB7HVbyaQhmqA', 'd70b4143-a54a-4e03-a4b2-c7b8118b0687'),
	('00000000-0000-0000-0000-000000000000', 155, 'xolvnTSRTwfpnjAUu_GiRg', '28de976b-ec5d-4e63-934a-2ed9952f5cda', true, '2024-08-11 12:00:09.53531+00', '2024-08-11 13:01:08.100098+00', 'sksx4oxUOt5axncuM1MJDg', 'd70b4143-a54a-4e03-a4b2-c7b8118b0687'),
	('00000000-0000-0000-0000-000000000000', 156, 'XEnw38fLv-v0D2GWlYZUaw', '28de976b-ec5d-4e63-934a-2ed9952f5cda', true, '2024-08-11 13:01:08.101983+00', '2024-08-11 14:02:07.767083+00', 'xolvnTSRTwfpnjAUu_GiRg', 'd70b4143-a54a-4e03-a4b2-c7b8118b0687'),
	('00000000-0000-0000-0000-000000000000', 157, 'meGw2aoa2Sr-nd1aSkJ-4g', '28de976b-ec5d-4e63-934a-2ed9952f5cda', true, '2024-08-11 14:02:07.768811+00', '2024-08-11 15:02:30.646135+00', 'XEnw38fLv-v0D2GWlYZUaw', 'd70b4143-a54a-4e03-a4b2-c7b8118b0687'),
	('00000000-0000-0000-0000-000000000000', 158, '4KRb9KObVXnYfkWfC7mtcg', '28de976b-ec5d-4e63-934a-2ed9952f5cda', true, '2024-08-11 15:02:30.647811+00', '2024-08-11 16:03:30.604779+00', 'meGw2aoa2Sr-nd1aSkJ-4g', 'd70b4143-a54a-4e03-a4b2-c7b8118b0687'),
	('00000000-0000-0000-0000-000000000000', 159, 'hxBJqYK4Nt65Fvh5oqr7Vw', '28de976b-ec5d-4e63-934a-2ed9952f5cda', true, '2024-08-11 16:03:30.606884+00', '2024-08-11 17:03:31.059265+00', '4KRb9KObVXnYfkWfC7mtcg', 'd70b4143-a54a-4e03-a4b2-c7b8118b0687'),
	('00000000-0000-0000-0000-000000000000', 160, 'YAMfLZ7oNkC44BHDQulHDQ', '28de976b-ec5d-4e63-934a-2ed9952f5cda', true, '2024-08-11 17:03:31.061613+00', '2024-08-11 18:04:30.653382+00', 'hxBJqYK4Nt65Fvh5oqr7Vw', 'd70b4143-a54a-4e03-a4b2-c7b8118b0687'),
	('00000000-0000-0000-0000-000000000000', 161, 'DSvPe4Lew8UJpCSGQdw7dQ', '28de976b-ec5d-4e63-934a-2ed9952f5cda', true, '2024-08-11 18:04:30.65657+00', '2024-08-11 19:05:04.677214+00', 'YAMfLZ7oNkC44BHDQulHDQ', 'd70b4143-a54a-4e03-a4b2-c7b8118b0687'),
	('00000000-0000-0000-0000-000000000000', 162, 'ndY_XE5owzrSKYpMkqmfPQ', '28de976b-ec5d-4e63-934a-2ed9952f5cda', true, '2024-08-11 19:05:04.680019+00', '2024-08-11 20:05:04.927767+00', 'DSvPe4Lew8UJpCSGQdw7dQ', 'd70b4143-a54a-4e03-a4b2-c7b8118b0687'),
	('00000000-0000-0000-0000-000000000000', 163, '5czd2Biduz9YcirKTT4mJQ', '28de976b-ec5d-4e63-934a-2ed9952f5cda', true, '2024-08-11 20:05:04.93019+00', '2024-08-11 21:05:44.969136+00', 'ndY_XE5owzrSKYpMkqmfPQ', 'd70b4143-a54a-4e03-a4b2-c7b8118b0687'),
	('00000000-0000-0000-0000-000000000000', 164, 'ZVvVFZPHYKertb3BSSkSLg', '28de976b-ec5d-4e63-934a-2ed9952f5cda', true, '2024-08-11 21:05:44.970555+00', '2024-08-11 22:17:25.313086+00', '5czd2Biduz9YcirKTT4mJQ', 'd70b4143-a54a-4e03-a4b2-c7b8118b0687'),
	('00000000-0000-0000-0000-000000000000', 165, 'GDtgHg6ArvkStDYTD2q1zQ', '28de976b-ec5d-4e63-934a-2ed9952f5cda', true, '2024-08-11 22:17:25.314615+00', '2024-08-11 23:18:45.143772+00', 'ZVvVFZPHYKertb3BSSkSLg', 'd70b4143-a54a-4e03-a4b2-c7b8118b0687'),
	('00000000-0000-0000-0000-000000000000', 166, 'mozhxWxjIRL0HnUPUyL8Qw', '28de976b-ec5d-4e63-934a-2ed9952f5cda', true, '2024-08-11 23:18:45.14604+00', '2024-08-12 00:19:45.05312+00', 'GDtgHg6ArvkStDYTD2q1zQ', 'd70b4143-a54a-4e03-a4b2-c7b8118b0687'),
	('00000000-0000-0000-0000-000000000000', 167, '_LOlYWqVrY4nMnzcd7QcNQ', '28de976b-ec5d-4e63-934a-2ed9952f5cda', true, '2024-08-12 00:19:45.055745+00', '2024-08-12 01:20:03.778126+00', 'mozhxWxjIRL0HnUPUyL8Qw', 'd70b4143-a54a-4e03-a4b2-c7b8118b0687'),
	('00000000-0000-0000-0000-000000000000', 168, 'dGUan14n1jUlHZC3GUm6Tg', '28de976b-ec5d-4e63-934a-2ed9952f5cda', true, '2024-08-12 01:20:03.780161+00', '2024-08-12 02:35:42.445439+00', '_LOlYWqVrY4nMnzcd7QcNQ', 'd70b4143-a54a-4e03-a4b2-c7b8118b0687'),
	('00000000-0000-0000-0000-000000000000', 169, 'UVdL5h2PKabHpbcIBPWMUA', '28de976b-ec5d-4e63-934a-2ed9952f5cda', true, '2024-08-12 02:35:42.448887+00', '2024-08-12 03:47:37.166029+00', 'dGUan14n1jUlHZC3GUm6Tg', 'd70b4143-a54a-4e03-a4b2-c7b8118b0687'),
	('00000000-0000-0000-0000-000000000000', 170, 'qb1Q3wij5nmLVjsT3tBBng', '28de976b-ec5d-4e63-934a-2ed9952f5cda', true, '2024-08-12 03:47:37.169472+00', '2024-08-12 04:59:30.141125+00', 'UVdL5h2PKabHpbcIBPWMUA', 'd70b4143-a54a-4e03-a4b2-c7b8118b0687'),
	('00000000-0000-0000-0000-000000000000', 171, 'JvTNtEmKtzqmwKNUSJmgNg', '28de976b-ec5d-4e63-934a-2ed9952f5cda', true, '2024-08-12 04:59:30.143465+00', '2024-08-12 06:11:20.113488+00', 'qb1Q3wij5nmLVjsT3tBBng', 'd70b4143-a54a-4e03-a4b2-c7b8118b0687'),
	('00000000-0000-0000-0000-000000000000', 172, 'gU5MEdD1DUmTPLW0mF03Pg', '28de976b-ec5d-4e63-934a-2ed9952f5cda', true, '2024-08-12 06:11:20.115004+00', '2024-08-12 07:12:10.646029+00', 'JvTNtEmKtzqmwKNUSJmgNg', 'd70b4143-a54a-4e03-a4b2-c7b8118b0687'),
	('00000000-0000-0000-0000-000000000000', 173, 'HujI70uPCeMfJsdlsYmRxg', '28de976b-ec5d-4e63-934a-2ed9952f5cda', false, '2024-08-12 07:12:10.648674+00', '2024-08-12 07:12:10.648674+00', 'gU5MEdD1DUmTPLW0mF03Pg', 'd70b4143-a54a-4e03-a4b2-c7b8118b0687');


--
-- Data for Name: sso_providers; Type: TABLE DATA; Schema: auth; Owner: supabase_auth_admin
--



--
-- Data for Name: saml_providers; Type: TABLE DATA; Schema: auth; Owner: supabase_auth_admin
--



--
-- Data for Name: saml_relay_states; Type: TABLE DATA; Schema: auth; Owner: supabase_auth_admin
--



--
-- Data for Name: sso_domains; Type: TABLE DATA; Schema: auth; Owner: supabase_auth_admin
--



--
-- Data for Name: key; Type: TABLE DATA; Schema: pgsodium; Owner: supabase_admin
--



--
-- Data for Name: jobs; Type: TABLE DATA; Schema: public; Owner: postgres
--

INSERT INTO "public"."jobs" ("id", "customer_id", "provider_id", "description", "status", "price", "created", "deadline", "complexity", "estimated_hours", "location", "tags") VALUES
	('39c24aa5-3c30-4a6e-a6c2-1bf770cc52db', '13c5aeb5-8a86-409c-8aab-987c80775445', '28de976b-ec5d-4e63-934a-2ed9952f5cda', 'Something to do, just testing', 'completed', 1000, '2024-08-07 16:40:50.469777+00', '2024-08-08 00:00:00+00', 'medium', NULL, 'Borrlvsta 115, Alunda 74793', '{grsklippning,trdgrd,hckklippning,plantering,ogrsrensning}');


--
-- Data for Name: chat_messages; Type: TABLE DATA; Schema: public; Owner: postgres
--



--
-- Data for Name: disputes; Type: TABLE DATA; Schema: public; Owner: postgres
--



--
-- Data for Name: feedback; Type: TABLE DATA; Schema: public; Owner: postgres
--



--
-- Data for Name: notifications; Type: TABLE DATA; Schema: public; Owner: postgres
--



--
-- Data for Name: payments; Type: TABLE DATA; Schema: public; Owner: postgres
--



--
-- Data for Name: users; Type: TABLE DATA; Schema: public; Owner: postgres
--

INSERT INTO "public"."users" ("id", "email", "name", "phone", "user_type", "rating", "balance", "created", "last_active", "preferences", "specialties") VALUES
	('13c5aeb5-8a86-409c-8aab-987c80775445', 'nikola.sucevic@kinnic.com', 'Nikola Sucevic', '0643566373', 'customer', 0.00, 0.00, '2024-08-05 19:14:42.152687+00', '2024-08-05 19:14:42.152687+00', '{"notifications": {"sms": true, "push": true, "email": true}}', '{}'),
	('e2495a4c-62c7-4e75-a5ef-adedf2178e3e', 'user3@example.com', 'User 3', '0700000003', 'customer', 0.00, 0.00, '2024-08-05 19:51:43.500467+00', '2024-08-05 19:51:43.500467+00', '{"language": "sv", "notifications": true}', '{}'),
	('91016e59-38b7-4055-976c-a8a91c7976e1', 'nikola.sucevic@radioqubits.com', 'Radio Qubits', '0643566373', 'customer', 0.00, 0.00, '2024-08-05 21:07:32.273186+00', '2024-08-05 21:07:32.273186+00', '{"language": "sv", "notifications": true}', '{}'),
	('28de976b-ec5d-4e63-934a-2ed9952f5cda', 'nikola273@hotmail.com', 'Luka Sucevic', '0643566373', 'provider', 0.00, 0.00, '2024-08-06 17:26:03.702045+00', '2024-08-06 17:26:03.702045+00', '{"notifications": {"sms": true, "push": true, "email": true}}', '{}');


--
-- Data for Name: buckets; Type: TABLE DATA; Schema: storage; Owner: supabase_storage_admin
--



--
-- Data for Name: objects; Type: TABLE DATA; Schema: storage; Owner: supabase_storage_admin
--



--
-- Data for Name: s3_multipart_uploads; Type: TABLE DATA; Schema: storage; Owner: supabase_storage_admin
--



--
-- Data for Name: s3_multipart_uploads_parts; Type: TABLE DATA; Schema: storage; Owner: supabase_storage_admin
--



--
-- Data for Name: secrets; Type: TABLE DATA; Schema: vault; Owner: supabase_admin
--



--
-- Name: refresh_tokens_id_seq; Type: SEQUENCE SET; Schema: auth; Owner: supabase_auth_admin
--

SELECT pg_catalog.setval('"auth"."refresh_tokens_id_seq"', 173, true);


--
-- Name: key_key_id_seq; Type: SEQUENCE SET; Schema: pgsodium; Owner: supabase_admin
--

SELECT pg_catalog.setval('"pgsodium"."key_key_id_seq"', 1, false);


--
-- PostgreSQL database dump complete
--

RESET ALL;
